Date,Price,Open,High,Low,Vol.,Change %
31-Jul-19,"3,835.36","3,856.74","3,856.74","3,830.09",82.15K,-0.90%
30-Jul-19,"3,870.32","3,861.57","3,890.73","3,861.57",94.12K,0.42%
29-Jul-19,"3,854.27","3,857.94","3,862.75","3,842.43",84.81K,-0.11%
26-Jul-19,"3,858.57","3,835.23","3,863.59","3,832.52",83.26K,0.19%
25-Jul-19,"3,851.07","3,821.39","3,851.07","3,812.95",93.74K,0.82%
24-Jul-19,"3,819.83","3,803.59","3,840.06","3,803.57",90.94K,0.79%
23-Jul-19,"3,789.91","3,783.54","3,792.96","3,768.76",71.31K,0.22%
22-Jul-19,"3,781.68","3,813.50","3,816.54","3,765.44",92.10K,-0.69%
19-Jul-19,"3,807.96","3,787.51","3,828.15","3,787.51",88.09K,1.05%
18-Jul-19,"3,768.40","3,793.19","3,793.39","3,768.00",87.50K,-0.95%
17-Jul-19,"3,804.64","3,800.11","3,820.27","3,787.90",95.18K,-0.06%
16-Jul-19,"3,806.84","3,819.25","3,828.33","3,799.87",80.73K,-0.45%
15-Jul-19,"3,824.19","3,792.64","3,844.87","3,745.85",101.21K,0.41%
12-Jul-19,"3,808.73","3,783.07","3,820.24","3,774.52",75.47K,0.62%
11-Jul-19,"3,785.22","3,806.19","3,830.74","3,774.41",75.31K,-0.04%
10-Jul-19,"3,786.74","3,807.95","3,810.40","3,774.23",72.83K,-0.17%
9-Jul-19,"3,793.13","3,798.10","3,811.10","3,774.76",74.84K,-0.25%
8-Jul-19,"3,802.79","3,875.75","3,875.75","3,775.03",109.54K,-2.32%
5-Jul-19,"3,893.20","3,875.37","3,900.31","3,857.93",74.01K,0.52%
4-Jul-19,"3,873.10","3,895.20","3,906.89","3,854.69",99.34K,-0.52%
3-Jul-19,"3,893.53","3,927.44","3,927.44","3,878.84",111.99K,-1.11%
2-Jul-19,"3,937.17","3,931.05","3,942.43","3,918.94",131.86K,0.03%
1-Jul-19,"3,935.81","3,899.33","3,936.67","3,886.91",158.37K,2.88%
28-Jun-19,"3,825.59","3,832.06","3,835.23","3,803.05",84.77K,-0.24%
27-Jun-19,"3,834.82","3,807.54","3,854.08","3,805.83",105.32K,1.07%
26-Jun-19,"3,794.33","3,779.51","3,809.76","3,771.72",81.82K,-0.18%
25-Jun-19,"3,801.31","3,837.43","3,838.06","3,755.01",124.08K,-1.04%
24-Jun-19,"3,841.27","3,836.31","3,853.55","3,819.77",100.09K,0.19%
21-Jun-19,"3,833.94","3,832.73","3,856.09","3,817.31",153.64K,0.14%
20-Jun-19,"3,828.52","3,718.94","3,845.79","3,717.19",168.87K,3.03%
19-Jun-19,"3,715.94","3,761.34","3,771.35","3,715.13",125.60K,1.32%
18-Jun-19,"3,667.62","3,661.13","3,675.65","3,638.78",70.69K,0.35%
17-Jun-19,"3,654.82","3,654.44","3,683.77","3,645.50",72.98K,0.00%
14-Jun-19,"3,654.88","3,690.48","3,709.65","3,650.91",101.82K,-0.83%
13-Jun-19,"3,685.39","3,689.58","3,697.59","3,654.27",96.33K,-0.15%
12-Jun-19,"3,691.10","3,706.86","3,711.88","3,683.94",119.18K,-0.76%
11-Jun-19,"3,719.28","3,617.52","3,723.14","3,617.52",143.48K,3.01%
10-Jun-19,"3,610.74","3,578.01","3,623.73","3,568.28",92.38K,1.29%
6-Jun-19,"3,564.68","3,601.04","3,601.04","3,557.02",85.53K,-0.90%
5-Jun-19,"3,597.11","3,627.79","3,634.45","3,593.95",88.64K,-0.04%
4-Jun-19,"3,598.47","3,632.56","3,636.13","3,584.46",87.10K,-0.92%
3-Jun-19,"3,632.01","3,640.61","3,672.81","3,613.13",100.72K,0.06%
31-May-19,"3,629.79","3,641.00","3,668.18","3,627.54",89.22K,-0.31%
30-May-19,"3,641.18","3,648.85","3,650.97","3,612.62",94.20K,-0.62%
29-May-19,"3,663.91","3,642.54","3,693.23","3,637.35",93.36K,-0.23%
28-May-19,"3,672.26","3,633.02","3,683.23","3,627.79",117.89K,0.96%
27-May-19,"3,637.20","3,592.60","3,648.03","3,556.26",108.83K,1.20%
24-May-19,"3,593.91","3,584.90","3,623.39","3,580.79",80.93K,0.28%
23-May-19,"3,583.96","3,629.53","3,631.47","3,578.11",99.90K,-1.79%
22-May-19,"3,649.38","3,663.15","3,679.27","3,634.75",98.35K,-0.47%
21-May-19,"3,666.78","3,619.44","3,690.09","3,610.68",111.02K,1.35%
20-May-19,"3,617.79","3,635.74","3,644.50","3,583.83",108.96K,-0.85%
17-May-19,"3,648.76","3,744.88","3,745.36","3,637.58",128.45K,-2.54%
16-May-19,"3,743.96","3,720.04","3,745.14","3,707.90",116.26K,0.45%
15-May-19,"3,727.09","3,674.99","3,741.04","3,674.99",110.16K,2.25%
14-May-19,"3,645.15","3,630.44","3,683.26","3,630.44",102.31K,-0.64%
13-May-19,"3,668.73","3,675.76","3,702.90","3,658.00",103.39K,-1.65%
10-May-19,"3,730.45","3,643.06","3,732.92","3,589.29",148.00K,3.63%
9-May-19,"3,599.70","3,637.35","3,656.90","3,584.82",101.04K,-1.85%
8-May-19,"3,667.46","3,648.55","3,722.93","3,642.50",112.87K,-1.43%
7-May-19,"3,720.67","3,702.27","3,738.18","3,671.83",132.85K,0.98%
6-May-19,"3,684.62","3,775.08","3,791.61","3,647.14",197.47K,-5.84%
30-Apr-19,"3,913.21","3,887.18","3,923.11","3,885.15",116.23K,0.33%
29-Apr-19,"3,900.33","3,896.58","3,953.23","3,875.45",153.87K,0.28%
26-Apr-19,"3,889.27","3,921.89","3,943.83","3,887.25",142.01K,-1.33%
25-Apr-19,"3,941.82","4,013.60","4,022.56","3,938.33",159.72K,-2.19%
24-Apr-19,"4,030.09","4,033.63","4,044.34","3,967.81",145.50K,0.28%
23-Apr-19,"4,019.01","4,021.63","4,061.09","4,005.28",155.61K,-0.16%
22-Apr-19,"4,025.61","4,125.97","4,126.09","4,015.47",189.35K,-2.31%
19-Apr-19,"4,120.61","4,076.30","4,120.64","4,046.20",150.80K,1.19%
18-Apr-19,"4,072.08","4,085.11","4,094.05","4,056.24",146.56K,-0.37%
17-Apr-19,"4,087.24","4,080.72","4,106.62","4,057.50",180.37K,0.04%
16-Apr-19,"4,085.79","3,958.10","4,085.79","3,943.49",202.04K,2.77%
15-Apr-19,"3,975.52","4,056.49","4,085.39","3,974.23",182.65K,-0.33%
12-Apr-19,"3,988.62","3,986.78","4,006.93","3,961.46",135.86K,-0.22%
11-Apr-19,"3,997.58","4,083.46","4,097.12","3,990.24",169.05K,-2.16%
10-Apr-19,"4,085.85","4,062.44","4,115.38","4,035.47",194.69K,0.26%
9-Apr-19,"4,075.43","4,063.81","4,084.24","4,038.28",182.96K,0.45%
8-Apr-19,"4,057.23","4,097.10","4,122.60","4,017.49",267.51K,-0.12%
4-Apr-19,"4,062.23","4,039.74","4,072.11","4,021.71",260.41K,1.00%
3-Apr-19,"4,022.16","3,947.87","4,026.50","3,939.78",231.92K,1.28%
2-Apr-19,"3,971.29","3,986.34","3,988.10","3,956.51",226.00K,-0.07%
1-Apr-19,"3,973.93","3,901.17","3,982.91","3,901.17",271.38K,2.62%
29-Mar-19,"3,872.34","3,739.77","3,876.38","3,739.77",215.64K,3.86%
28-Mar-19,"3,728.40","3,731.06","3,755.72","3,710.08",133.27K,-0.40%
27-Mar-19,"3,743.39","3,724.41","3,750.26","3,703.45",138.76K,1.16%
26-Mar-19,"3,700.44","3,766.53","3,770.84","3,687.55",173.05K,-1.13%
25-Mar-19,"3,742.83","3,776.44","3,807.18","3,741.61",198.59K,-2.37%
22-Mar-19,"3,833.80","3,838.13","3,845.58","3,786.59",171.36K,-0.08%
21-Mar-19,"3,836.89","3,840.28","3,864.07","3,823.47",196.31K,0.04%
20-Mar-19,"3,835.44","3,825.34","3,855.15","3,790.51",175.63K,0.04%
19-Mar-19,"3,833.96","3,856.59","3,868.34","3,815.22",181.73K,-0.46%
18-Mar-19,"3,851.75","3,753.64","3,851.75","3,733.68",216.93K,2.85%
15-Mar-19,"3,745.01","3,713.94","3,782.24","3,713.94",175.18K,1.26%
14-Mar-19,"3,698.49","3,710.29","3,747.82","3,673.85",190.82K,-0.69%
13-Mar-19,"3,724.19","3,758.71","3,763.09","3,708.81",233.68K,-0.83%
12-Mar-19,"3,755.35","3,758.32","3,804.72","3,723.68",274.93K,0.68%
11-Mar-19,"3,729.95","3,663.98","3,731.91","3,650.81",230.91K,1.98%
8-Mar-19,"3,657.58","3,721.40","3,774.54","3,656.19",317.99K,-3.97%
7-Mar-19,"3,808.85","3,841.15","3,845.18","3,778.80",329.85K,-1.02%
6-Mar-19,"3,848.09","3,822.86","3,855.16","3,787.52",318.08K,0.84%
5-Mar-19,"3,816.01","3,785.38","3,816.16","3,770.79",230.85K,0.58%
4-Mar-19,"3,794.10","3,783.04","3,886.58","3,764.78",323.49K,1.18%
1-Mar-19,"3,749.71","3,699.22","3,749.71","3,668.77",204.71K,2.19%
28-Feb-19,"3,669.37","3,675.26","3,695.46","3,650.05",184.81K,-0.25%
27-Feb-19,"3,678.39","3,682.81","3,737.63","3,638.33",286.24K,-0.17%
26-Feb-19,"3,684.69","3,734.71","3,762.11","3,679.27",358.04K,-1.20%
25-Feb-19,"3,729.48","3,575.85","3,729.48","3,574.69",342.56K,5.95%
22-Feb-19,"3,520.12","3,439.38","3,520.12","3,417.98",187.24K,2.25%
21-Feb-19,"3,442.71","3,450.14","3,500.25","3,431.63",180.14K,-0.27%
20-Feb-19,"3,451.93","3,449.93","3,463.77","3,421.51",147.39K,0.36%
19-Feb-19,"3,439.61","3,454.72","3,480.79","3,419.07",179.08K,-0.18%
18-Feb-19,"3,445.74","3,366.42","3,445.74","3,366.42",182.89K,3.21%
15-Feb-19,"3,338.70","3,391.24","3,395.03","3,335.87",143.67K,-1.86%
14-Feb-19,"3,402.14","3,392.85","3,415.40","3,381.98",151.13K,0.15%
13-Feb-19,"3,397.03","3,337.78","3,405.58","3,329.14",163.83K,2.00%
12-Feb-19,"3,330.34","3,306.35","3,335.36","3,298.63",122.23K,0.72%
11-Feb-19,"3,306.47","3,239.81","3,307.06","3,239.81",98.82K,1.82%
1-Feb-19,"3,247.40","3,225.73","3,247.50","3,207.72",82.02K,1.43%
31-Jan-19,"3,201.63","3,182.70","3,216.07","3,178.01",86.25K,1.05%
30-Jan-19,"3,168.48","3,181.66","3,202.90","3,167.89",63.75K,-0.80%
29-Jan-19,"3,193.97","3,177.26","3,200.99","3,148.23",77.66K,0.32%
28-Jan-19,"3,183.78","3,203.12","3,228.87","3,174.72",82.62K,-0.02%
25-Jan-19,"3,184.47","3,165.18","3,203.17","3,164.41",83.97K,0.81%
24-Jan-19,"3,158.78","3,146.60","3,165.63","3,125.30",72.94K,0.56%
23-Jan-19,"3,141.05","3,136.10","3,157.63","3,131.87",59.87K,-0.07%
22-Jan-19,"3,143.32","3,181.95","3,181.95","3,135.34",72.99K,-1.33%
21-Jan-19,"3,185.64","3,170.88","3,199.21","3,170.88",93.92K,0.55%
18-Jan-19,"3,168.17","3,124.50","3,171.69","3,120.35",103.96K,1.82%
17-Jan-19,"3,111.42","3,132.63","3,141.71","3,110.06",80.18K,-0.55%
16-Jan-19,"3,128.65","3,126.13","3,135.01","3,117.29",80.21K,0.02%
15-Jan-19,"3,127.99","3,071.52","3,129.37","3,064.67",88.77K,1.96%
14-Jan-19,"3,067.78","3,092.50","3,097.41","3,064.38",66.12K,-0.87%
11-Jan-19,"3,094.78","3,082.26","3,102.83","3,071.03",71.79K,0.72%
10-Jan-19,"3,072.69","3,077.48","3,092.54","3,062.57",85.27K,-0.19%
9-Jan-19,"3,078.48","3,065.23","3,117.96","3,062.85",107.36K,1.01%
8-Jan-19,"3,047.70","3,049.87","3,055.51","3,038.53",86.17K,-0.22%
7-Jan-19,"3,054.30","3,055.15","3,061.75","3,035.91",101.16K,0.61%
4-Jan-19,"3,035.87","2,940.19","3,036.81","2,935.83",103.32K,2.40%
3-Jan-19,"2,964.84","2,963.02","3,000.44","2,953.25",70.87K,-0.16%
2-Jan-19,"2,969.54","3,017.07","3,018.78","2,958.49",68.66K,-1.37%
28-Dec-18,"3,010.65","2,994.80","3,024.35","2,984.82",71.05K,0.67%
27-Dec-18,"2,990.51","3,042.95","3,047.23","2,990.51",80.54K,-0.38%
26-Dec-18,"3,002.03","3,012.87","3,029.06","2,996.48",55.65K,-0.51%
25-Dec-18,"3,017.28","3,006.88","3,030.14","2,964.88",78.69K,-0.69%
24-Dec-18,"3,038.20","3,015.50","3,040.35","3,007.33",57.30K,0.29%
21-Dec-18,"3,029.40","3,055.33","3,057.40","3,007.61",76.76K,-1.24%
20-Dec-18,"3,067.42","3,083.54","3,097.72","3,044.29",69.75K,-0.77%
19-Dec-18,"3,091.13","3,133.74","3,137.01","3,086.76",55.52K,-1.19%
18-Dec-18,"3,128.43","3,139.95","3,165.00","3,114.47",63.82K,-1.04%
17-Dec-18,"3,161.20","3,158.28","3,167.51","3,134.37",66.50K,-0.15%
14-Dec-18,"3,165.91","3,207.35","3,210.72","3,165.91",84.30K,-1.67%
13-Dec-18,"3,219.69","3,178.89","3,234.08","3,169.42",90.44K,1.55%
12-Dec-18,"3,170.61","3,181.57","3,182.21","3,160.28",53.31K,0.34%
11-Dec-18,"3,159.82","3,148.23","3,161.96","3,143.61",53.22K,0.48%
10-Dec-18,"3,144.76","3,153.52","3,170.15","3,134.38",63.44K,-1.16%
7-Dec-18,"3,181.56","3,187.49","3,193.82","3,176.71",53.36K,0.00%
6-Dec-18,"3,181.67","3,218.11","3,223.52","3,179.89",76.33K,-2.16%
5-Dec-18,"3,252.00","3,224.26","3,266.90","3,219.98",76.15K,-0.48%
4-Dec-18,"3,267.71","3,256.23","3,267.94","3,243.70",79.42K,0.21%
3-Dec-18,"3,260.95","3,260.69","3,273.64","3,228.36",121.49K,2.78%
30-Nov-18,"3,172.69","3,136.20","3,175.15","3,132.42",70.92K,1.12%
29-Nov-18,"3,137.65","3,198.83","3,204.86","3,137.65",80.50K,-1.30%
28-Nov-18,"3,178.93","3,137.75","3,179.41","3,126.62",74.88K,1.33%
27-Nov-18,"3,137.24","3,152.77","3,162.01","3,126.29",55.41K,-0.13%
26-Nov-18,"3,141.24","3,148.67","3,169.44","3,131.64",59.38K,-0.07%
23-Nov-18,"3,143.48","3,208.59","3,212.20","3,139.39",84.64K,-2.21%
22-Nov-18,"3,214.43","3,232.97","3,235.45","3,199.70",65.10K,-0.37%
21-Nov-18,"3,226.49","3,187.10","3,230.26","3,185.24",84.12K,0.25%
20-Nov-18,"3,218.41","3,268.08","3,278.78","3,213.68",109.36K,-2.31%
19-Nov-18,"3,294.60","3,258.79","3,294.60","3,251.07",115.96K,1.13%
16-Nov-18,"3,257.67","3,242.88","3,282.39","3,223.72",126.88K,0.47%
15-Nov-18,"3,242.37","3,201.28","3,242.38","3,198.78",98.56K,1.17%
14-Nov-18,"3,204.94","3,233.64","3,239.24","3,200.23",113.81K,-1.00%
13-Nov-18,"3,237.38","3,164.92","3,254.77","3,161.10",126.49K,1.01%
12-Nov-18,"3,205.14","3,160.25","3,206.51","3,152.44",88.06K,1.19%
9-Nov-18,"3,167.44","3,193.30","3,193.30","3,166.31",84.28K,-1.41%
8-Nov-18,"3,212.77","3,251.73","3,253.57","3,207.71",76.42K,-0.28%
7-Nov-18,"3,221.91","3,243.88","3,270.50","3,218.42",91.62K,-0.65%
6-Nov-18,"3,243.15","3,254.98","3,254.98","3,213.89",83.87K,-0.60%
5-Nov-18,"3,262.84","3,269.47","3,279.88","3,230.36",109.71K,-0.83%
2-Nov-18,"3,290.25","3,258.61","3,290.25","3,222.44",153.47K,3.56%
1-Nov-18,"3,177.03","3,185.20","3,217.80","3,173.10",132.65K,0.74%
31-Oct-18,"3,153.82","3,116.66","3,168.92","3,106.03",111.21K,1.40%
30-Oct-18,"3,110.26","3,061.93","3,146.63","3,050.77",116.07K,1.08%
29-Oct-18,"3,076.89","3,157.49","3,158.81","3,062.58",91.84K,-3.05%
26-Oct-18,"3,173.64","3,204.28","3,218.10","3,151.92",101.30K,-0.65%
25-Oct-18,"3,194.31","3,107.84","3,197.32","3,099.89",106.95K,0.19%
24-Oct-18,"3,188.20","3,169.46","3,245.40","3,164.29",110.91K,0.15%
23-Oct-18,"3,183.43","3,273.13","3,276.02","3,163.57",121.01K,-2.66%
22-Oct-18,"3,270.27","3,159.56","3,297.38","3,159.56",145.86K,4.32%
19-Oct-18,"3,134.95","3,017.75","3,137.75","3,009.50",98.84K,2.97%
18-Oct-18,"3,044.39","3,097.79","3,097.79","3,043.38",73.77K,-2.37%
17-Oct-18,"3,118.25","3,140.68","3,149.13","3,062.55",76.84K,0.56%
16-Oct-18,"3,100.97","3,128.58","3,166.09","3,089.37",68.89K,-0.81%
15-Oct-18,"3,126.45","3,173.85","3,183.13","3,120.23",69.61K,-1.40%
12-Oct-18,"3,170.73","3,123.37","3,184.12","3,094.97",98.61K,1.49%
11-Oct-18,"3,124.11","3,179.54","3,209.52","3,099.04",120.94K,-4.80%
10-Oct-18,"3,281.60","3,295.43","3,315.73","3,256.58",64.49K,-0.22%
9-Oct-18,"3,288.69","3,290.17","3,309.80","3,276.13",66.72K,-0.07%
8-Oct-18,"3,290.90","3,361.56","3,364.46","3,285.25",97.89K,-4.30%
28-Sep-18,"3,438.86","3,409.96","3,444.99","3,404.70",84.38K,1.04%
27-Sep-18,"3,403.59","3,415.95","3,423.71","3,394.73",69.77K,-0.40%
26-Sep-18,"3,417.24","3,388.56","3,448.26","3,383.24",93.17K,1.11%
25-Sep-18,"3,379.80","3,375.97","3,394.38","3,367.03",69.06K,-0.90%
21-Sep-18,"3,410.49","3,320.70","3,410.49","3,307.77",108.42K,3.03%
20-Sep-18,"3,310.13","3,314.88","3,332.31","3,303.07",64.56K,-0.07%
19-Sep-18,"3,312.48","3,262.00","3,335.99","3,258.31",89.17K,1.32%
18-Sep-18,"3,269.43","3,193.64","3,270.11","3,193.64",70.43K,2.01%
17-Sep-18,"3,204.92","3,224.93","3,230.79","3,200.51",52.26K,-1.15%
14-Sep-18,"3,242.09","3,242.83","3,254.10","3,227.94",60.13K,0.17%
13-Sep-18,"3,236.57","3,239.69","3,249.59","3,191.40",67.29K,1.08%
12-Sep-18,"3,202.02","3,216.99","3,225.60","3,194.98",54.63K,-0.69%
11-Sep-18,"3,224.21","3,229.71","3,245.62","3,209.11",58.49K,-0.18%
10-Sep-18,"3,230.07","3,271.38","3,277.88","3,227.85",63.82K,-1.45%
7-Sep-18,"3,277.64","3,273.89","3,316.61","3,253.72",63.95K,0.45%
6-Sep-18,"3,262.88","3,286.66","3,311.50","3,253.76",62.30K,-1.07%
5-Sep-18,"3,298.14","3,349.70","3,354.20","3,298.14",64.30K,-1.95%
4-Sep-18,"3,363.90","3,324.19","3,370.96","3,307.96",67.09K,1.27%
3-Sep-18,"3,321.82","3,320.69","3,325.61","3,291.78",66.43K,-0.38%
31-Aug-18,"3,334.50","3,333.38","3,356.58","3,310.87",76.21K,-0.50%
30-Aug-18,"3,351.09","3,385.81","3,402.56","3,349.47",68.39K,-1.05%
29-Aug-18,"3,386.57","3,393.05","3,398.71","3,377.12",67.02K,-0.40%
28-Aug-18,"3,400.17","3,408.15","3,416.59","3,388.81",75.45K,-0.19%
27-Aug-18,"3,406.57","3,339.39","3,406.57","3,339.26",94.27K,2.44%
24-Aug-18,"3,325.33","3,308.48","3,353.04","3,291.87",63.77K,0.16%
23-Aug-18,"3,320.03","3,308.46","3,336.11","3,285.81",61.11K,0.37%
22-Aug-18,"3,307.95","3,328.97","3,328.97","3,299.39",50.79K,-0.56%
21-Aug-18,"3,326.65","3,271.84","3,331.71","3,270.03",75.21K,1.82%
20-Aug-18,"3,267.25","3,238.22","3,267.25","3,209.01",70.90K,1.17%
17-Aug-18,"3,229.62","3,305.90","3,311.57","3,224.10",67.40K,-1.44%
16-Aug-18,"3,276.73","3,251.86","3,315.20","3,231.56",76.55K,-0.46%
15-Aug-18,"3,291.98","3,371.96","3,372.14","3,288.71",68.17K,-2.40%
14-Aug-18,"3,372.91","3,386.48","3,391.73","3,356.61",60.65K,-0.51%
13-Aug-18,"3,390.34","3,369.98","3,396.19","3,336.70",76.19K,-0.43%
10-Aug-18,"3,405.02","3,398.41","3,424.04","3,380.57",68.97K,0.22%
9-Aug-18,"3,397.53","3,303.48","3,408.39","3,299.62",91.96K,2.50%
8-Aug-18,"3,314.51","3,362.15","3,368.16","3,311.77",79.29K,-1.61%
7-Aug-18,"3,368.87","3,284.98","3,368.96","3,263.50",91.78K,2.92%
6-Aug-18,"3,273.27","3,312.82","3,344.25","3,257.69",77.98K,-1.27%
3-Aug-18,"3,315.28","3,366.66","3,381.34","3,315.20",70.80K,-1.65%
2-Aug-18,"3,370.96","3,434.35","3,434.35","3,322.10",101.31K,-2.22%
1-Aug-18,"3,447.39","3,530.03","3,543.61","3,446.78",90.35K,-2.00%
31-Jul-18,"3,517.66","3,510.47","3,528.15","3,493.15",67.98K,0.07%
30-Jul-18,"3,515.08","3,520.85","3,550.90","3,489.55",82.12K,-0.17%
27-Jul-18,"3,521.23","3,533.77","3,545.41","3,512.70",70.18K,-0.42%
26-Jul-18,"3,536.25","3,583.32","3,593.92","3,528.64",90.35K,-1.16%
25-Jul-18,"3,577.75","3,589.51","3,589.98","3,566.31",96.76K,-0.11%
24-Jul-18,"3,581.71","3,530.66","3,596.51","3,530.66",156.91K,1.59%
23-Jul-18,"3,525.75","3,471.86","3,527.53","3,464.65",119.04K,0.94%
20-Jul-18,"3,492.89","3,426.46","3,505.93","3,398.95",101.99K,1.88%
19-Jul-18,"3,428.34","3,444.80","3,466.51","3,417.96",68.48K,-0.09%
18-Jul-18,"3,431.32","3,456.61","3,479.26","3,430.16",66.53K,-0.52%
17-Jul-18,"3,449.38","3,466.42","3,467.19","3,420.97",61.98K,-0.65%
16-Jul-18,"3,472.09","3,488.97","3,506.24","3,459.73",68.28K,-0.59%
13-Jul-18,"3,492.69","3,488.50","3,499.76","3,474.91",72.96K,0.33%
12-Jul-18,"3,481.06","3,403.33","3,499.10","3,403.33",96.35K,2.16%
11-Jul-18,"3,407.53","3,398.93","3,427.57","3,375.14",72.04K,-1.73%
10-Jul-18,"3,467.52","3,464.91","3,474.14","3,437.27",69.55K,0.24%
9-Jul-18,"3,459.18","3,378.91","3,459.32","3,378.91",76.60K,2.80%
6-Jul-18,"3,365.12","3,347.06","3,396.25","3,295.73",86.10K,0.68%
5-Jul-18,"3,342.44","3,365.55","3,398.49","3,330.71",81.59K,-0.63%
4-Jul-18,"3,363.75","3,398.78","3,418.33","3,359.09",75.16K,-1.34%
3-Jul-18,"3,409.28","3,410.48","3,422.04","3,319.29",95.28K,0.04%
2-Jul-18,"3,407.96","3,504.46","3,506.90","3,383.50",84.35K,-2.93%
29-Jun-18,"3,510.98","3,431.96","3,512.38","3,425.22",77.26K,2.55%
28-Jun-18,"3,423.53","3,434.94","3,477.06","3,416.95",75.92K,-1.03%
27-Jun-18,"3,459.26","3,525.13","3,537.66","3,441.78",81.49K,-2.03%
26-Jun-18,"3,531.11","3,521.59","3,541.78","3,478.21",84.99K,-0.82%
25-Jun-18,"3,560.48","3,625.80","3,631.03","3,559.03",79.88K,-1.34%
22-Jun-18,"3,608.90","3,567.89","3,609.08","3,542.46",75.12K,0.44%
21-Jun-18,"3,592.97","3,633.56","3,673.56","3,589.49",93.91K,-1.17%
20-Jun-18,"3,635.44","3,602.55","3,649.34","3,578.17",86.72K,0.40%
19-Jun-18,"3,621.12","3,702.67","3,712.82","3,583.02",160.71K,-3.53%
15-Jun-18,"3,753.43","3,763.04","3,780.34","3,737.43",85.49K,-0.53%
14-Jun-18,"3,773.37","3,774.64","3,808.16","3,759.25",68.47K,-0.40%
13-Jun-18,"3,788.34","3,814.62","3,817.45","3,782.07",66.38K,-0.98%
12-Jun-18,"3,825.95","3,783.19","3,830.47","3,765.26",73.21K,1.22%
11-Jun-18,"3,779.98","3,770.21","3,792.55","3,756.51",68.71K,0.01%
8-Jun-18,"3,779.62","3,819.45","3,819.46","3,759.27",83.34K,-1.34%
7-Jun-18,"3,831.01","3,846.94","3,859.85","3,827.69",80.26K,-0.17%
6-Jun-18,"3,837.35","3,839.68","3,848.33","3,830.90",73.12K,-0.21%
5-Jun-18,"3,845.32","3,811.29","3,845.56","3,800.93",78.69K,0.99%
4-Jun-18,"3,807.58","3,785.19","3,813.41","3,776.62",76.62K,0.98%
1-Jun-18,"3,770.59","3,789.67","3,802.54","3,753.84",77.82K,-0.84%
31-May-18,"3,802.38","3,749.30","3,804.79","3,742.53",92.67K,2.12%
30-May-18,"3,723.37","3,755.18","3,767.89","3,722.07",87.91K,-2.12%
29-May-18,"3,804.01","3,824.19","3,841.78","3,800.67",81.55K,-0.76%
28-May-18,"3,833.26","3,816.26","3,846.55","3,799.32",71.52K,0.44%
25-May-18,"3,816.50","3,823.74","3,841.12","3,804.13",70.84K,-0.28%
24-May-18,"3,827.22","3,853.29","3,859.10","3,823.92",68.35K,-0.71%
23-May-18,"3,854.58","3,898.27","3,898.27","3,854.58",83.72K,-1.32%
22-May-18,"3,906.21","3,918.82","3,918.82","3,881.17",75.37K,-0.38%
21-May-18,"3,921.24","3,925.54","3,937.46","3,913.60",92.64K,0.47%
18-May-18,"3,903.06","3,860.16","3,903.06","3,841.90",72.61K,1.01%
17-May-18,"3,864.05","3,895.49","3,899.51","3,858.85",59.03K,-0.74%
16-May-18,"3,892.84","3,909.82","3,923.34","3,889.19",71.91K,-0.80%
15-May-18,"3,924.10","3,920.14","3,924.34","3,892.92",76.05K,0.38%
14-May-18,"3,909.29","3,886.87","3,919.30","3,886.87",81.98K,0.94%
11-May-18,"3,872.84","3,902.15","3,903.34","3,871.95",73.36K,-0.52%
10-May-18,"3,893.06","3,882.84","3,894.49","3,867.31",70.67K,0.55%
9-May-18,"3,871.62","3,876.13","3,878.94","3,855.74",66.71K,-0.18%
8-May-18,"3,878.68","3,834.61","3,892.07","3,833.73",94.22K,1.16%
7-May-18,"3,834.19","3,782.54","3,834.59","3,776.03",87.29K,1.58%
4-May-18,"3,774.60","3,784.32","3,801.52","3,770.94",71.55K,-0.49%
3-May-18,"3,793.00","3,756.17","3,797.53","3,732.37",93.96K,0.78%
2-May-18,"3,763.65","3,769.93","3,787.30","3,744.55",83.30K,0.18%
27-Apr-18,"3,756.88","3,771.04","3,776.98","3,714.64",89.53K,0.04%
26-Apr-18,"3,755.49","3,823.39","3,828.71","3,744.89",87.15K,-1.91%
25-Apr-18,"3,828.70","3,824.59","3,838.69","3,817.03",78.17K,-0.38%
24-Apr-18,"3,843.49","3,769.88","3,854.43","3,769.88",114.22K,2.05%
23-Apr-18,"3,766.33","3,754.69","3,787.40","3,735.18",90.36K,0.15%
20-Apr-18,"3,760.85","3,801.21","3,815.44","3,750.10",99.28K,-1.34%
19-Apr-18,"3,811.84","3,774.78","3,824.03","3,767.80",99.05K,1.21%
18-Apr-18,"3,766.28","3,785.31","3,789.66","3,708.11",106.68K,0.47%
17-Apr-18,"3,748.64","3,812.87","3,822.63","3,745.44",90.61K,-1.58%
16-Apr-18,"3,808.86","3,862.47","3,869.16","3,789.61",99.22K,-1.61%
13-Apr-18,"3,871.14","3,920.74","3,929.95","3,866.19",71.54K,-0.71%
12-Apr-18,"3,898.64","3,935.67","3,937.78","3,896.18",82.70K,-1.01%
11-Apr-18,"3,938.34","3,934.17","3,958.71","3,924.96",111.93K,0.28%
10-Apr-18,"3,927.17","3,860.72","3,927.42","3,851.80",106.17K,1.93%
9-Apr-18,"3,852.93","3,851.95","3,870.67","3,827.41",84.11K,-0.05%
4-Apr-18,"3,854.86","3,873.63","3,898.61","3,852.50",88.73K,-0.20%
3-Apr-18,"3,862.48","3,850.15","3,878.15","3,839.93",95.14K,-0.63%
2-Apr-18,"3,886.92","3,897.01","3,937.02","3,882.89",111.24K,-0.30%
30-Mar-18,"3,898.50","3,893.75","3,915.35","3,879.21",97.51K,0.11%
29-Mar-18,"3,894.05","3,854.59","3,913.96","3,794.26",116.63K,1.34%
28-Mar-18,"3,842.72","3,865.05","3,907.28","3,835.88",101.50K,-1.80%
27-Mar-18,"3,913.27","3,927.49","3,936.78","3,881.87",113.70K,0.86%
26-Mar-18,"3,879.89","3,862.69","3,883.90","3,829.92",115.14K,-0.64%
23-Mar-18,"3,904.94","3,896.74","3,928.51","3,834.94",180.08K,-2.87%
22-Mar-18,"4,020.35","4,062.07","4,072.38","4,003.72",89.10K,-1.00%
21-Mar-18,"4,061.05","4,097.02","4,110.12","4,046.24",97.61K,-0.41%
20-Mar-18,"4,077.70","4,045.74","4,080.19","4,040.31",80.61K,0.08%
19-Mar-18,"4,074.25","4,054.62","4,074.52","4,033.52",81.50K,0.44%
16-Mar-18,"4,056.42","4,096.89","4,110.05","4,055.82",84.90K,-0.97%
15-Mar-18,"4,096.16","4,058.71","4,098.99","4,058.71",88.16K,0.56%
14-Mar-18,"4,073.34","4,076.06","4,089.09","4,066.49",99.01K,-0.44%
13-Mar-18,"4,091.25","4,124.33","4,130.28","4,087.56",111.77K,-0.88%
12-Mar-18,"4,127.67","4,130.71","4,139.53","4,112.77",140.91K,0.46%
9-Mar-18,"4,108.87","4,088.07","4,110.67","4,076.45",113.70K,0.77%
8-Mar-18,"4,077.60","4,038.95","4,078.23","4,029.71",91.16K,1.01%
7-Mar-18,"4,036.65","4,063.50","4,089.70","4,027.94",106.95K,-0.74%
6-Mar-18,"4,066.56","4,034.99","4,067.55","3,998.93",138.76K,1.21%
5-Mar-18,"4,018.10","4,021.66","4,042.83","3,995.87",87.95K,0.04%
2-Mar-18,"4,016.46","4,014.95","4,044.42","4,006.94",96.17K,-0.81%
1-Mar-18,"4,049.09","3,994.87","4,061.03","3,986.89",110.20K,0.63%
28-Feb-18,"4,023.64","4,016.79","4,051.71","3,991.71",109.34K,-0.87%
27-Feb-18,"4,058.98","4,120.87","4,120.87","4,051.81",125.93K,-1.44%
26-Feb-18,"4,118.42","4,093.40","4,128.74","4,048.98",137.88K,1.16%
23-Feb-18,"4,071.09","4,061.75","4,085.20","4,035.23",99.46K,0.45%
22-Feb-18,"4,052.73","4,020.97","4,058.79","4,009.92",105.81K,2.16%
14-Feb-18,"3,966.96","3,945.09","3,971.40","3,923.13",71.08K,0.80%
13-Feb-18,"3,935.63","3,925.60","3,986.98","3,925.60",112.57K,1.17%
12-Feb-18,"3,890.10","3,846.27","3,907.84","3,828.07",116.18K,1.29%
9-Feb-18,"3,840.65","3,896.17","3,911.29","3,759.15",206.35K,-4.27%
8-Feb-18,"4,012.05","4,022.88","4,071.67","3,974.68",159.27K,-0.95%
7-Feb-18,"4,050.50","4,205.74","4,212.57","4,048.42",203.13K,-2.37%
6-Feb-18,"4,148.89","4,182.33","4,211.52","4,131.56",214.91K,-2.93%
5-Feb-18,"4,274.15","4,204.46","4,274.15","4,200.14",161.35K,0.07%
2-Feb-18,"4,271.23","4,213.94","4,271.76","4,181.78",146.07K,0.60%
1-Feb-18,"4,245.90","4,276.34","4,287.39","4,214.29",190.00K,-0.70%
31-Jan-18,"4,275.90","4,234.11","4,287.86","4,232.77",145.21K,0.47%
30-Jan-18,"4,256.10","4,286.68","4,308.51","4,251.57",139.04K,-1.07%
29-Jan-18,"4,302.02","4,387.06","4,395.91","4,287.11",191.10K,-1.81%
26-Jan-18,"4,381.30","4,352.22","4,403.34","4,351.49",177.23K,0.37%
25-Jan-18,"4,365.08","4,381.98","4,392.20","4,336.24",195.38K,-0.57%
24-Jan-18,"4,389.89","4,389.45","4,397.82","4,349.09",219.82K,0.17%
23-Jan-18,"4,382.61","4,346.89","4,383.57","4,346.79",201.87K,1.06%
22-Jan-18,"4,336.60","4,276.48","4,338.48","4,275.90",174.64K,1.19%
19-Jan-18,"4,285.40","4,281.94","4,316.57","4,269.62",209.49K,0.33%
18-Jan-18,"4,271.42","4,259.38","4,292.64","4,246.68",172.03K,0.55%
17-Jan-18,"4,248.12","4,261.78","4,283.34","4,230.54",214.31K,-0.24%
16-Jan-18,"4,258.47","4,215.62","4,260.21","4,213.13",161.50K,0.79%
15-Jan-18,"4,225.24","4,229.84","4,262.93","4,216.36",170.91K,0.01%
12-Jan-18,"4,225.00","4,205.14","4,227.39","4,199.03",111.36K,0.46%
11-Jan-18,"4,205.59","4,197.11","4,211.80","4,181.96",121.58K,-0.05%
10-Jan-18,"4,207.81","4,187.20","4,211.05","4,175.14",151.12K,0.44%
9-Jan-18,"4,189.30","4,157.54","4,191.28","4,153.50",139.03K,0.70%
8-Jan-18,"4,160.16","4,140.85","4,166.32","4,127.31",173.88K,0.52%
5-Jan-18,"4,138.75","4,133.34","4,151.28","4,123.28",149.01K,0.24%
4-Jan-18,"4,128.81","4,114.12","4,137.64","4,105.89",134.54K,0.42%
3-Jan-18,"4,111.39","4,091.46","4,140.05","4,088.73",151.85K,0.59%
2-Jan-18,"4,087.40","4,045.21","4,087.78","4,045.21",146.94K,1.40%
29-Dec-17,"4,030.85","4,022.88","4,043.14","4,012.87",90.49K,0.30%
28-Dec-17,"4,018.90","3,993.00","4,036.70","3,980.24",118.54K,0.69%
27-Dec-17,"3,991.21","4,045.28","4,047.74","3,986.74",105.15K,-1.54%
26-Dec-17,"4,053.62","4,040.62","4,056.86","4,015.30",91.12K,0.30%
25-Dec-17,"4,041.54","4,057.42","4,086.93","4,026.45",91.93K,-0.32%
22-Dec-17,"4,054.60","4,064.91","4,076.80","4,048.49",73.47K,-0.33%
21-Dec-17,"4,067.85","4,023.08","4,080.78","4,014.65",96.84K,0.93%
20-Dec-17,"4,030.49","4,036.02","4,044.85","4,015.63",90.61K,-0.12%
19-Dec-17,"4,035.33","3,985.82","4,035.63","3,985.82",77.53K,1.26%
18-Dec-17,"3,985.29","3,983.30","4,008.07","3,967.93",77.85K,0.11%
15-Dec-17,"3,980.86","4,018.73","4,020.27","3,974.93",89.04K,-1.12%
14-Dec-17,"4,026.15","4,050.90","4,057.62","4,013.85",80.77K,-0.59%
13-Dec-17,"4,050.09","4,013.83","4,052.69","4,004.74",77.55K,0.85%
12-Dec-17,"4,016.02","4,068.51","4,070.15","4,015.45",84.34K,-1.31%
11-Dec-17,"4,069.50","4,006.88","4,069.50","4,005.27",97.15K,1.65%
8-Dec-17,"4,003.38","3,962.83","4,014.14","3,955.44",89.28K,0.81%
7-Dec-17,"3,971.06","4,003.58","4,017.95","3,955.99",90.25K,-1.11%
6-Dec-17,"4,015.82","4,027.12","4,031.75","3,964.81",109.29K,-0.60%
5-Dec-17,"4,040.17","4,007.94","4,045.93","4,006.54",154.09K,0.53%
4-Dec-17,"4,018.86","3,989.05","4,032.99","3,982.32",102.65K,0.52%
1-Dec-17,"3,998.14","4,003.56","4,027.11","3,984.38",97.39K,-0.20%
30-Nov-17,"4,006.10","4,034.01","4,052.80","3,988.00",107.98K,-1.18%
29-Nov-17,"4,053.75","4,061.35","4,069.24","4,004.69",124.55K,-0.05%
28-Nov-17,"4,055.82","4,034.21","4,056.48","4,010.30",102.06K,0.14%
27-Nov-17,"4,049.95","4,088.93","4,088.93","4,037.15",143.46K,-1.32%
24-Nov-17,"4,104.20","4,089.47","4,116.59","4,057.49",130.86K,0.04%
23-Nov-17,"4,102.40","4,213.38","4,214.19","4,086.90",178.15K,-2.96%
22-Nov-17,"4,227.57","4,228.37","4,260.64","4,191.15",186.48K,0.23%
21-Nov-17,"4,217.70","4,131.85","4,220.26","4,129.98",180.35K,1.78%
20-Nov-17,"4,143.83","4,093.73","4,144.51","4,060.96",137.45K,0.56%
17-Nov-17,"4,120.85","4,094.08","4,122.38","4,081.37",191.78K,0.39%
16-Nov-17,"4,105.01","4,063.49","4,107.62","4,062.27",121.38K,0.77%
15-Nov-17,"4,073.67","4,084.21","4,102.81","4,055.72",120.64K,-0.63%
14-Nov-17,"4,099.35","4,129.27","4,133.55","4,086.89",143.24K,-0.70%
13-Nov-17,"4,128.07","4,115.55","4,137.65","4,115.55",151.45K,0.39%
10-Nov-17,"4,111.91","4,070.28","4,116.71","4,067.66",141.82K,0.88%
9-Nov-17,"4,075.90","4,043.07","4,076.61","4,038.40",121.06K,0.69%
8-Nov-17,"4,048.01","4,051.49","4,089.15","4,040.58",150.83K,-0.15%
7-Nov-17,"4,054.25","4,022.40","4,064.22","4,021.36",152.12K,0.83%
6-Nov-17,"4,020.89","3,989.18","4,021.64","3,975.41",122.08K,0.71%
3-Nov-17,"3,992.70","3,992.35","3,999.34","3,963.03",129.40K,-0.11%
2-Nov-17,"3,997.13","3,994.09","3,999.23","3,971.38",126.10K,0.01%
1-Nov-17,"3,996.62","4,007.91","4,032.46","3,991.32",130.42K,-0.25%
31-Oct-17,"4,006.72","3,995.39","4,009.28","3,983.26",109.18K,-0.07%
30-Oct-17,"4,009.72","4,022.16","4,033.34","3,960.27",157.39K,-0.30%
27-Oct-17,"4,021.97","3,992.55","4,024.46","3,991.35",126.67K,0.71%
26-Oct-17,"3,993.58","3,980.05","4,013.60","3,973.55",129.90K,0.42%
25-Oct-17,"3,976.95","3,958.17","3,978.09","3,954.00",88.21K,0.44%
24-Oct-17,"3,959.40","3,926.23","3,959.50","3,922.03",93.06K,0.73%
23-Oct-17,"3,930.80","3,930.89","3,936.27","3,920.66",81.49K,0.10%
20-Oct-17,"3,926.85","3,918.53","3,928.96","3,910.20",72.98K,-0.11%
19-Oct-17,"3,931.25","3,940.58","3,944.03","3,923.65",106.53K,-0.33%
18-Oct-17,"3,944.16","3,914.82","3,944.41","3,914.82",100.97K,0.79%
17-Oct-17,"3,913.07","3,910.79","3,924.61","3,900.48",82.24K,-0.01%
16-Oct-17,"3,913.45","3,926.28","3,947.42","3,913.32",121.36K,-0.19%
13-Oct-17,"3,921.00","3,912.97","3,927.17","3,908.89",90.14K,0.21%
12-Oct-17,"3,912.95","3,902.02","3,917.44","3,897.55",94.34K,0.26%
11-Oct-17,"3,902.69","3,886.82","3,913.07","3,885.50",104.42K,0.33%
10-Oct-17,"3,889.86","3,883.00","3,900.74","3,855.47",112.53K,0.20%
9-Oct-17,"3,882.21","3,910.11","3,918.84","3,876.03",135.54K,1.19%
29-Sep-17,"3,836.50","3,825.20","3,852.22","3,825.20",93.31K,0.37%
28-Sep-17,"3,822.54","3,821.59","3,827.33","3,813.75",93.54K,0.04%
27-Sep-17,"3,821.20","3,818.96","3,832.57","3,818.81",85.66K,0.01%
26-Sep-17,"3,820.78","3,810.33","3,821.69","3,808.38",81.87K,0.08%
25-Sep-17,"3,817.79","3,829.22","3,835.39","3,811.12",103.95K,-0.52%
22-Sep-17,"3,837.73","3,826.46","3,842.25","3,816.82",100.62K,0.00%
21-Sep-17,"3,837.82","3,843.26","3,860.80","3,837.38",111.10K,-0.12%
20-Sep-17,"3,842.44","3,830.15","3,850.94","3,827.89",101.13K,0.27%
19-Sep-17,"3,832.12","3,849.88","3,857.30","3,820.29",112.43K,-0.29%
18-Sep-17,"3,843.14","3,832.96","3,862.36","3,832.96",117.93K,0.31%
15-Sep-17,"3,831.30","3,826.14","3,843.30","3,818.52",122.43K,0.03%
14-Sep-17,"3,829.96","3,843.57","3,854.49","3,820.09",115.36K,-0.33%
13-Sep-17,"3,842.61","3,835.55","3,847.78","3,822.94",95.41K,0.12%
12-Sep-17,"3,837.93","3,832.24","3,849.39","3,822.00",144.19K,0.32%
11-Sep-17,"3,825.65","3,828.34","3,850.74","3,817.51",123.88K,-0.01%
8-Sep-17,"3,825.99","3,830.07","3,843.02","3,813.98",106.04K,-0.10%
7-Sep-17,"3,829.87","3,851.69","3,858.16","3,828.84",123.88K,-0.51%
6-Sep-17,"3,849.45","3,846.75","3,858.25","3,831.38",131.40K,-0.20%
5-Sep-17,"3,857.05","3,845.55","3,865.29","3,841.95",124.96K,0.30%
4-Sep-17,"3,845.62","3,828.54","3,847.09","3,813.55",149.57K,0.39%
1-Sep-17,"3,830.54","3,825.34","3,843.62","3,818.16",158.65K,0.22%
31-Aug-17,"3,822.09","3,835.84","3,840.20","3,800.89",132.95K,-0.32%
30-Aug-17,"3,834.30","3,834.27","3,854.71","3,827.86",141.35K,-0.01%
29-Aug-17,"3,834.54","3,839.18","3,847.93","3,825.76",128.23K,-0.21%
28-Aug-17,"3,842.71","3,805.66","3,866.94","3,805.66",185.58K,1.24%
25-Aug-17,"3,795.75","3,736.29","3,795.97","3,736.29",129.94K,1.64%
24-Aug-17,"3,734.65","3,755.89","3,765.71","3,729.09",89.95K,-0.57%
23-Aug-17,"3,756.09","3,747.61","3,772.46","3,741.72",104.96K,0.10%
22-Aug-17,"3,752.30","3,745.75","3,758.29","3,734.56",100.29K,0.30%
21-Aug-17,"3,740.99","3,731.84","3,744.26","3,728.62",100.31K,0.44%
18-Aug-17,"3,724.67","3,707.19","3,733.49","3,700.41",96.56K,0.09%
17-Aug-17,"3,721.28","3,707.07","3,722.62","3,704.41",108.66K,0.54%
16-Aug-17,"3,701.42","3,701.13","3,707.14","3,679.73",104.13K,-0.13%
15-Aug-17,"3,706.06","3,695.78","3,719.29","3,692.28",106.45K,0.31%
14-Aug-17,"3,694.68","3,651.38","3,698.37","3,651.38",115.31K,1.30%
11-Aug-17,"3,647.35","3,687.93","3,700.49","3,645.09",150.39K,-1.85%
10-Aug-17,"3,715.92","3,724.96","3,746.86","3,688.18",130.09K,-0.41%
9-Aug-17,"3,731.04","3,728.03","3,739.00","3,713.57",124.68K,-0.03%
8-Aug-17,"3,732.21","3,724.33","3,737.33","3,718.81",137.24K,0.15%
7-Aug-17,"3,726.79","3,701.22","3,730.78","3,689.96",124.23K,0.52%
4-Aug-17,"3,707.58","3,724.72","3,738.73","3,707.00",157.47K,-0.54%
3-Aug-17,"3,727.83","3,755.11","3,766.35","3,718.44",146.15K,-0.88%
2-Aug-17,"3,760.85","3,768.19","3,784.35","3,759.28",172.29K,-0.25%
1-Aug-17,"3,770.38","3,738.74","3,770.40","3,737.10",152.55K,0.87%
31-Jul-17,"3,737.87","3,722.43","3,746.52","3,713.66",148.43K,0.43%
28-Jul-17,"3,721.89","3,703.49","3,725.54","3,696.78",111.41K,0.26%
27-Jul-17,"3,712.19","3,700.86","3,716.69","3,672.50",145.00K,0.18%
26-Jul-17,"3,705.39","3,722.88","3,738.53","3,684.18",136.33K,-0.38%
25-Jul-17,"3,719.56","3,742.64","3,752.16","3,713.28",121.67K,-0.64%
24-Jul-17,"3,743.47","3,724.38","3,755.19","3,719.85",134.87K,0.40%
21-Jul-17,"3,728.60","3,738.18","3,751.69","3,722.07",117.94K,-0.51%
20-Jul-17,"3,747.88","3,725.14","3,750.19","3,723.07",142.41K,0.49%
19-Jul-17,"3,729.75","3,660.87","3,731.05","3,658.20",182.48K,1.71%
18-Jul-17,"3,667.18","3,648.49","3,667.54","3,622.04",124.62K,0.10%
17-Jul-17,"3,663.56","3,700.62","3,716.47","3,621.37",178.82K,-1.07%
14-Jul-17,"3,703.09","3,682.62","3,703.09","3,672.74",105.51K,0.44%
13-Jul-17,"3,686.92","3,656.35","3,690.48","3,652.57",125.67K,0.77%
12-Jul-17,"3,658.82","3,672.63","3,691.58","3,640.59",122.29K,-0.33%
11-Jul-17,"3,670.81","3,646.88","3,701.21","3,645.99",118.76K,0.47%
10-Jul-17,"3,653.69","3,647.94","3,667.85","3,641.53",120.59K,-0.06%
7-Jul-17,"3,655.93","3,647.64","3,657.11","3,631.87",103.74K,-0.11%
6-Jul-17,"3,660.10","3,654.56","3,666.77","3,629.56",102.38K,0.01%
5-Jul-17,"3,659.68","3,611.90","3,660.73","3,610.46",88.23K,1.10%
4-Jul-17,"3,619.98","3,646.83","3,646.85","3,611.69",95.07K,-0.85%
3-Jul-17,"3,650.85","3,667.23","3,667.60","3,633.78",88.82K,-0.43%
30-Jun-17,"3,666.80","3,654.73","3,669.76","3,646.23",81.51K,-0.06%
29-Jun-17,"3,668.83","3,649.25","3,669.13","3,644.73",85.59K,0.62%
28-Jun-17,"3,646.17","3,664.16","3,672.19","3,644.03",97.92K,-0.78%
27-Jun-17,"3,674.72","3,665.58","3,676.53","3,648.76",97.56K,0.18%
26-Jun-17,"3,668.09","3,627.02","3,671.94","3,627.02",134.64K,1.25%
23-Jun-17,"3,622.88","3,583.44","3,623.24","3,569.32",105.13K,0.91%
22-Jun-17,"3,590.34","3,583.56","3,635.53","3,581.34",135.53K,0.07%
21-Jun-17,"3,587.95","3,567.13","3,587.99","3,545.57",87.86K,1.17%
20-Jun-17,"3,546.49","3,560.79","3,563.70","3,539.51",80.51K,-0.20%
19-Jun-17,"3,553.67","3,520.06","3,554.91","3,520.06",79.80K,0.99%
16-Jun-17,"3,518.76","3,522.97","3,536.14","3,514.39",76.45K,-0.28%
15-Jun-17,"3,528.79","3,530.75","3,542.28","3,508.95",82.63K,-0.18%
14-Jun-17,"3,535.30","3,571.25","3,571.25","3,530.27",83.81K,-1.31%
13-Jun-17,"3,582.27","3,569.16","3,584.41","3,559.21",75.18K,0.22%
12-Jun-17,"3,574.39","3,570.22","3,603.69","3,565.90",90.38K,-0.05%
9-Jun-17,"3,576.17","3,561.24","3,590.89","3,560.63",101.19K,0.43%
8-Jun-17,"3,560.98","3,531.24","3,562.27","3,528.18",90.23K,0.77%
7-Jun-17,"3,533.87","3,493.88","3,537.09","3,491.13",104.42K,1.17%
6-Jun-17,"3,492.88","3,464.38","3,492.88","3,460.45",64.09K,0.70%
5-Jun-17,"3,468.75","3,480.17","3,484.12","3,462.31",79.74K,-0.51%
2-Jun-17,"3,486.51","3,491.59","3,498.12","3,470.20",82.67K,-0.32%
1-Jun-17,"3,497.74","3,485.22","3,499.81","3,476.43",103.13K,0.14%
31-May-17,"3,492.88","3,495.07","3,515.08","3,474.92",104.83K,0.36%
26-May-17,"3,480.43","3,479.62","3,498.31","3,473.04",103.24K,-0.15%
25-May-17,"3,485.66","3,414.40","3,490.42","3,413.22",130.72K,1.80%
24-May-17,"3,424.17","3,409.72","3,424.17","3,383.89",83.55K,0.00%
23-May-17,"3,424.19","3,405.03","3,434.77","3,401.53",116.91K,0.38%
22-May-17,"3,411.24","3,400.59","3,424.18","3,391.17",92.54K,0.22%
19-May-17,"3,403.85","3,395.23","3,405.94","3,392.38",71.47K,0.17%
18-May-17,"3,398.11","3,387.67","3,409.93","3,383.93",85.76K,-0.35%
17-May-17,"3,409.97","3,423.19","3,433.97","3,408.15",99.74K,-0.54%
16-May-17,"3,428.65","3,390.93","3,428.85","3,373.55",105.24K,0.87%
15-May-17,"3,399.19","3,391.59","3,406.58","3,391.59",82.98K,0.41%
12-May-17,"3,385.38","3,350.94","3,387.27","3,349.17",93.39K,0.86%
11-May-17,"3,356.65","3,322.95","3,359.60","3,312.89",109.25K,0.57%
10-May-17,"3,337.70","3,350.65","3,369.43","3,336.00",92.08K,-0.44%
9-May-17,"3,352.53","3,342.60","3,358.05","3,327.59",76.77K,-0.19%
8-May-17,"3,358.81","3,369.11","3,374.16","3,339.57",123.75K,-0.70%
5-May-17,"3,382.55","3,393.48","3,395.45","3,366.56",109.90K,-0.64%
4-May-17,"3,404.39","3,404.94","3,421.40","3,391.28",103.48K,-0.26%
3-May-17,"3,413.13","3,421.76","3,432.22","3,403.08",91.67K,-0.39%
2-May-17,"3,426.58","3,427.92","3,436.31","3,418.67",92.80K,-0.38%
28-Apr-17,"3,439.75","3,439.57","3,439.90","3,417.24",101.63K,-0.20%
27-Apr-17,"3,446.72","3,435.10","3,449.27","3,399.54",123.30K,0.04%
26-Apr-17,"3,445.18","3,440.25","3,466.57","3,439.15",111.94K,0.12%
25-Apr-17,"3,440.97","3,427.73","3,449.67","3,422.65",94.07K,0.28%
24-Apr-17,"3,431.26","3,458.23","3,458.23","3,403.98",114.66K,-1.02%
21-Apr-17,"3,466.79","3,461.39","3,475.56","3,449.54",104.42K,0.15%
20-Apr-17,"3,461.55","3,444.52","3,465.61","3,440.72",114.18K,0.45%
19-Apr-17,"3,445.88","3,452.99","3,459.35","3,418.51",121.35K,-0.49%
18-Apr-17,"3,462.74","3,474.89","3,489.08","3,462.63",110.93K,-0.49%
17-Apr-17,"3,479.94","3,475.74","3,480.57","3,453.68",117.17K,-0.19%
14-Apr-17,"3,486.50","3,516.81","3,517.47","3,476.95",135.47K,-0.80%
13-Apr-17,"3,514.57","3,500.28","3,518.44","3,496.57",129.98K,0.15%
12-Apr-17,"3,509.44","3,514.57","3,523.10","3,498.00",181.83K,-0.22%
11-Apr-17,"3,517.33","3,503.83","3,520.13","3,466.14",165.95K,0.35%
10-Apr-17,"3,505.14","3,519.46","3,522.80","3,502.08",141.89K,-0.35%
7-Apr-17,"3,517.46","3,514.45","3,526.82","3,506.39",140.29K,0.10%
6-Apr-17,"3,514.05","3,507.99","3,517.78","3,495.72",136.77K,0.29%
5-Apr-17,"3,503.89","3,476.42","3,504.54","3,475.15",143.40K,1.38%
31-Mar-17,"3,456.05","3,434.82","3,456.31","3,430.82",91.58K,0.56%
30-Mar-17,"3,436.76","3,461.62","3,467.30","3,422.37",116.38K,-0.82%
29-Mar-17,"3,465.19","3,472.97","3,483.06","3,455.55",104.85K,-0.13%
28-Mar-17,"3,469.81","3,480.25","3,482.29","3,461.47",84.20K,-0.24%
27-Mar-17,"3,478.04","3,488.76","3,505.98","3,474.52",107.02K,-0.33%
24-Mar-17,"3,489.60","3,464.20","3,499.32","3,461.11",125.65K,0.80%
23-Mar-17,"3,461.98","3,452.41","3,470.82","3,435.69",94.32K,0.35%
22-Mar-17,"3,450.05","3,450.75","3,464.33","3,433.50",104.94K,-0.47%
21-Mar-17,"3,466.35","3,449.77","3,466.70","3,445.64",87.71K,0.49%
20-Mar-17,"3,449.61","3,449.05","3,454.06","3,429.83",88.73K,0.11%
17-Mar-17,"3,445.81","3,485.31","3,488.50","3,441.47",103.76K,-1.03%
16-Mar-17,"3,481.51","3,472.27","3,492.13","3,472.27",106.33K,0.52%
15-Mar-17,"3,463.64","3,452.21","3,463.92","3,445.27",79.11K,0.20%
14-Mar-17,"3,456.69","3,456.66","3,465.39","3,448.90",77.08K,-0.04%
13-Mar-17,"3,458.10","3,425.67","3,458.10","3,412.69",91.68K,0.88%
10-Mar-17,"3,427.89","3,423.98","3,436.24","3,423.94",70.02K,0.03%
9-Mar-17,"3,426.94","3,442.90","3,443.05","3,414.68",84.57K,-0.63%
8-Mar-17,"3,448.73","3,452.20","3,457.04","3,441.26",79.59K,-0.15%
7-Mar-17,"3,453.96","3,446.16","3,454.04","3,440.06",80.34K,0.22%
6-Mar-17,"3,446.48","3,427.25","3,449.03","3,425.90",83.07K,0.54%
3-Mar-17,"3,427.86","3,424.66","3,428.88","3,412.83",81.00K,-0.21%
2-Mar-17,"3,435.10","3,463.48","3,468.47","3,434.00",89.90K,-0.67%
1-Mar-17,"3,458.44","3,452.21","3,472.70","3,449.11",103.26K,0.16%
28-Feb-17,"3,452.81","3,445.03","3,460.91","3,441.36",75.22K,0.19%
27-Feb-17,"3,446.22","3,471.13","3,472.84","3,441.39",98.67K,-0.80%
24-Feb-17,"3,473.85","3,468.96","3,473.85","3,455.25",95.54K,0.02%
23-Feb-17,"3,473.32","3,487.57","3,492.96","3,460.12",99.54K,-0.47%
22-Feb-17,"3,489.76","3,483.20","3,489.95","3,473.52",102.82K,0.20%
21-Feb-17,"3,482.82","3,475.06","3,490.09","3,472.02",114.84K,0.33%
20-Feb-17,"3,471.39","3,421.64","3,472.60","3,421.64",132.63K,1.46%
17-Feb-17,"3,421.44","3,443.62","3,457.56","3,419.61",114.60K,-0.57%
16-Feb-17,"3,440.93","3,421.83","3,440.93","3,418.35",108.28K,0.56%
15-Feb-17,"3,421.71","3,435.39","3,448.03","3,417.08",127.64K,-0.41%
14-Feb-17,"3,435.80","3,438.51","3,440.67","3,424.40",94.81K,-0.01%
13-Feb-17,"3,436.28","3,416.92","3,439.54","3,416.87",120.15K,0.67%
10-Feb-17,"3,413.49","3,398.32","3,422.33","3,398.03",123.77K,0.51%
9-Feb-17,"3,396.29","3,381.90","3,406.59","3,379.79",97.56K,0.38%
8-Feb-17,"3,383.29","3,361.78","3,383.69","3,347.43",75.40K,0.52%
7-Feb-17,"3,365.68","3,371.77","3,376.71","3,354.63",63.75K,-0.22%
6-Feb-17,"3,373.21","3,368.11","3,381.33","3,358.75",68.52K,0.26%
3-Feb-17,"3,364.49","3,390.93","3,392.48","3,362.57",55.19K,-0.69%
26-Jan-17,"3,387.96","3,378.26","3,395.88","3,378.26",65.32K,0.36%
25-Jan-17,"3,375.90","3,361.66","3,376.44","3,357.22",58.38K,0.34%
24-Jan-17,"3,364.45","3,363.14","3,371.32","3,355.90",66.19K,0.01%
23-Jan-17,"3,364.08","3,359.05","3,378.74","3,355.85",75.56K,0.27%
20-Jan-17,"3,354.89","3,326.98","3,358.41","3,326.37",65.30K,0.77%
19-Jan-17,"3,329.29","3,330.95","3,346.50","3,324.68",66.16K,-0.30%
18-Jan-17,"3,339.37","3,323.34","3,350.96","3,320.41",70.62K,0.39%
17-Jan-17,"3,326.36","3,305.60","3,327.38","3,292.20",69.45K,0.21%
16-Jan-17,"3,319.45","3,314.15","3,322.78","3,264.21",157.78K,-0.01%
13-Jan-17,"3,319.91","3,317.96","3,338.17","3,309.37",84.18K,0.07%
12-Jan-17,"3,317.62","3,332.69","3,343.13","3,315.96",81.24K,-0.51%
11-Jan-17,"3,334.50","3,355.80","3,366.63","3,334.30",91.07K,-0.71%
10-Jan-17,"3,358.27","3,361.64","3,370.51","3,354.09",83.82K,-0.17%
9-Jan-17,"3,363.90","3,345.75","3,366.22","3,344.35",83.71K,0.48%
6-Jan-17,"3,347.67","3,366.85","3,368.87","3,346.89",87.46K,-0.60%
5-Jan-17,"3,367.79","3,368.34","3,373.41","3,361.46",88.34K,-0.02%
4-Jan-17,"3,368.31","3,340.56","3,369.57","3,338.15",90.05K,0.78%
3-Jan-17,"3,342.23","3,313.95","3,345.26","3,313.95",86.57K,0.97%
30-Dec-16,"3,310.08","3,302.60","3,313.55","3,295.75",71.74K,0.37%
29-Dec-16,"3,297.76","3,297.04","3,312.11","3,288.10",70.09K,-0.13%
28-Dec-16,"3,301.89","3,315.75","3,320.55","3,293.17",69.00K,-0.44%
27-Dec-16,"3,316.39","3,319.21","3,330.23","3,315.83",75.49K,-0.18%
26-Dec-16,"3,322.40","3,293.22","3,322.42","3,267.05",89.79K,0.45%
23-Dec-16,"3,307.60","3,333.40","3,334.89","3,300.88",97.45K,-0.84%
22-Dec-16,"3,335.67","3,335.12","3,340.36","3,322.72",92.28K,-0.09%
21-Dec-16,"3,338.54","3,313.75","3,342.48","3,313.75",108.26K,0.89%
20-Dec-16,"3,309.06","3,328.30","3,329.10","3,289.27",87.57K,-0.60%
19-Dec-16,"3,328.98","3,342.34","3,344.86","3,325.00",81.64K,-0.51%
16-Dec-16,"3,346.03","3,335.36","3,356.29","3,330.49",90.78K,0.17%
15-Dec-16,"3,340.43","3,363.86","3,378.04","3,327.14",114.96K,-1.14%
14-Dec-16,"3,378.95","3,399.41","3,412.28","3,378.27",124.01K,-0.77%
13-Dec-16,"3,405.04","3,394.21","3,416.21","3,370.60",121.11K,-0.12%
12-Dec-16,"3,409.18","3,489.27","3,495.80","3,400.79",187.47K,-2.42%
9-Dec-16,"3,493.70","3,464.87","3,507.93","3,461.76",150.30K,0.68%
8-Dec-16,"3,470.14","3,481.81","3,484.34","3,466.51",117.38K,-0.16%
7-Dec-16,"3,475.75","3,458.37","3,475.75","3,445.76",114.35K,0.48%
6-Dec-16,"3,459.15","3,466.24","3,477.59","3,456.81",115.53K,-0.30%
5-Dec-16,"3,469.41","3,473.69","3,496.88","3,457.34",180.85K,-1.69%
2-Dec-16,"3,528.95","3,559.77","3,562.55","3,516.79",196.36K,-1.01%
1-Dec-16,"3,565.04","3,543.96","3,575.97","3,543.24",180.17K,0.76%
30-Nov-16,"3,538.00","3,557.64","3,567.07","3,527.02",178.56K,-0.73%
29-Nov-16,"3,564.04","3,525.90","3,583.72","3,521.38",236.92K,0.82%
28-Nov-16,"3,535.08","3,538.68","3,553.36","3,528.32",207.38K,0.39%
25-Nov-16,"3,521.30","3,490.04","3,521.30","3,463.95",153.62K,0.93%
24-Nov-16,"3,488.74","3,468.81","3,508.16","3,467.01",145.75K,0.40%
23-Nov-16,"3,474.73","3,473.89","3,492.96","3,465.76",162.39K,0.18%
22-Nov-16,"3,468.36","3,443.22","3,469.22","3,443.22",168.52K,0.79%
21-Nov-16,"3,441.11","3,412.65","3,463.14","3,412.08",146.44K,0.69%
18-Nov-16,"3,417.46","3,437.49","3,443.12","3,413.27",115.95K,-0.55%
17-Nov-16,"3,436.53","3,423.47","3,437.67","3,412.88",121.56K,0.20%
16-Nov-16,"3,429.59","3,432.43","3,435.64","3,419.24",129.81K,-0.01%
15-Nov-16,"3,429.87","3,428.87","3,434.92","3,415.99",134.57K,-0.01%
14-Nov-16,"3,430.25","3,409.22","3,452.62","3,408.14",213.25K,0.38%
11-Nov-16,"3,417.22","3,387.95","3,422.67","3,382.89",198.78K,0.78%
10-Nov-16,"3,390.61","3,374.91","3,403.02","3,374.91",134.71K,1.12%
9-Nov-16,"3,353.05","3,370.60","3,373.10","3,322.08",139.11K,-0.54%
8-Nov-16,"3,371.12","3,367.70","3,383.92","3,361.13",103.15K,0.43%
7-Nov-16,"3,356.59","3,353.44","3,362.74","3,342.31",99.88K,0.07%
4-Nov-16,"3,354.17","3,362.21","3,377.64","3,348.43",104.07K,-0.32%
3-Nov-16,"3,365.09","3,326.90","3,379.99","3,324.84",126.22K,0.95%
2-Nov-16,"3,333.35","3,350.71","3,356.40","3,331.38",91.20K,-0.77%
1-Nov-16,"3,359.05","3,338.71","3,359.39","3,334.46",74.94K,0.68%
31-Oct-16,"3,336.28","3,332.41","3,340.47","3,317.33",71.35K,-0.12%
28-Oct-16,"3,340.13","3,347.14","3,370.75","3,337.29",93.13K,-0.17%
27-Oct-16,"3,345.70","3,351.46","3,352.35","3,335.13",77.63K,-0.27%
26-Oct-16,"3,354.80","3,365.20","3,367.83","3,349.57",98.03K,-0.38%
25-Oct-16,"3,367.45","3,367.48","3,373.91","3,356.59",111.19K,0.00%
24-Oct-16,"3,367.58","3,332.51","3,382.83","3,330.97",153.01K,1.20%
21-Oct-16,"3,327.74","3,315.72","3,341.56","3,309.18",109.79K,0.28%
20-Oct-16,"3,318.60","3,317.18","3,324.90","3,312.17",79.24K,0.07%
19-Oct-16,"3,316.24","3,323.30","3,332.52","3,309.83",101.17K,-0.15%
18-Oct-16,"3,321.33","3,272.68","3,321.33","3,272.68",102.86K,1.33%
17-Oct-16,"3,277.88","3,305.96","3,309.01","3,271.54",86.11K,-0.85%
14-Oct-16,"3,305.85","3,298.73","3,306.69","3,285.73",82.32K,0.10%
13-Oct-16,"3,302.65","3,299.16","3,307.41","3,292.40",81.22K,0.08%
12-Oct-16,"3,300.01","3,299.14","3,302.56","3,289.75",68.67K,-0.20%
11-Oct-16,"3,306.56","3,296.87","3,308.00","3,292.88",87.71K,0.39%
10-Oct-16,"3,293.87","3,265.36","3,294.64","3,258.96",80.52K,1.25%
30-Sep-16,"3,253.28","3,240.18","3,260.94","3,239.04",44.98K,0.27%
29-Sep-16,"3,244.39","3,234.86","3,257.77","3,234.80",55.45K,0.42%
28-Sep-16,"3,230.89","3,243.65","3,243.65","3,228.00",44.73K,-0.30%
27-Sep-16,"3,240.75","3,214.87","3,240.78","3,214.44",58.46K,0.64%
26-Sep-16,"3,220.28","3,267.69","3,267.69","3,220.28",70.45K,-1.69%
23-Sep-16,"3,275.67","3,292.28","3,293.92","3,275.03",57.99K,-0.47%
22-Sep-16,"3,291.12","3,281.47","3,303.20","3,277.98",75.75K,0.75%
21-Sep-16,"3,266.64","3,257.71","3,270.90","3,254.32",59.14K,0.28%
20-Sep-16,"3,257.40","3,264.66","3,265.04","3,252.39",52.78K,-0.18%
19-Sep-16,"3,263.12","3,242.74","3,264.90","3,242.74",58.83K,0.75%
14-Sep-16,"3,238.73","3,245.74","3,254.99","3,231.34",70.43K,-0.66%
13-Sep-16,"3,260.33","3,265.34","3,269.22","3,246.39",67.18K,-0.07%
12-Sep-16,"3,262.60","3,271.87","3,276.72","3,234.57",122.92K,-1.67%
9-Sep-16,"3,318.04","3,339.37","3,344.95","3,318.04",82.66K,-0.64%
8-Sep-16,"3,339.56","3,338.01","3,343.39","3,328.23",71.92K,-0.04%
7-Sep-16,"3,340.82","3,344.07","3,357.36","3,337.75",102.94K,-0.05%
6-Sep-16,"3,342.63","3,322.02","3,347.95","3,300.13",98.28K,0.69%
5-Sep-16,"3,319.68","3,321.01","3,338.42","3,314.63",78.29K,0.17%
2-Sep-16,"3,314.11","3,298.72","3,320.43","3,295.76",82.79K,0.38%
1-Sep-16,"3,301.58","3,326.74","3,329.35","3,301.21",84.95K,-0.79%
31-Aug-16,"3,327.79","3,310.57","3,333.97","3,304.66",79.57K,0.48%
30-Aug-16,"3,311.99","3,310.32","3,325.12","3,304.60",75.73K,0.13%
29-Aug-16,"3,307.78","3,306.57","3,315.08","3,297.07",77.04K,0.02%
26-Aug-16,"3,307.09","3,312.50","3,328.95","3,301.74",81.53K,-0.06%
25-Aug-16,"3,308.97","3,314.08","3,315.08","3,279.81",100.59K,-0.63%
24-Aug-16,"3,329.86","3,341.93","3,348.13","3,323.73",81.19K,-0.36%
23-Aug-16,"3,341.83","3,332.62","3,359.65","3,324.96",92.93K,0.15%
22-Aug-16,"3,336.79","3,364.68","3,372.83","3,335.47",107.95K,-0.84%
19-Aug-16,"3,365.02","3,358.55","3,374.05","3,341.19",119.96K,0.02%
18-Aug-16,"3,364.49","3,369.95","3,394.79","3,349.69",142.38K,-0.25%
17-Aug-16,"3,373.05","3,377.77","3,394.39","3,356.92",138.85K,-0.15%
16-Aug-16,"3,378.25","3,403.38","3,418.69","3,372.02",196.39K,-0.45%
15-Aug-16,"3,393.42","3,303.47","3,417.91","3,302.38",220.54K,3.01%
12-Aug-16,"3,294.23","3,231.81","3,294.23","3,231.14",116.25K,1.88%
11-Aug-16,"3,233.36","3,239.56","3,274.03","3,232.61",101.04K,-0.31%
10-Aug-16,"3,243.34","3,255.18","3,261.86","3,242.75",90.43K,-0.42%
9-Aug-16,"3,256.98","3,232.60","3,257.33","3,229.17",91.07K,0.70%
8-Aug-16,"3,234.18","3,199.57","3,234.48","3,187.25",86.68K,0.91%
5-Aug-16,"3,205.11","3,201.35","3,224.87","3,192.86",77.20K,0.12%
4-Aug-16,"3,201.29","3,190.55","3,201.55","3,170.42",73.50K,0.24%
3-Aug-16,"3,193.51","3,179.68","3,197.16","3,173.54",72.86K,0.14%
2-Aug-16,"3,189.05","3,173.76","3,189.05","3,165.54",62.17K,0.39%
1-Aug-16,"3,176.81","3,196.43","3,199.98","3,156.75",87.00K,-0.85%
29-Jul-16,"3,203.93","3,217.19","3,225.42","3,198.68",88.05K,-0.53%
28-Jul-16,"3,221.14","3,204.46","3,235.78","3,195.27",112.78K,0.09%
27-Jul-16,"3,218.24","3,270.08","3,276.51","3,157.41",160.19K,-1.57%
26-Jul-16,"3,269.59","3,228.23","3,269.75","3,228.01",81.05K,1.20%
25-Jul-16,"3,230.89","3,220.17","3,243.79","3,218.14",70.20K,0.18%
22-Jul-16,"3,225.16","3,251.24","3,253.77","3,220.89",86.03K,-0.84%
21-Jul-16,"3,252.52","3,238.34","3,271.37","3,238.30",86.01K,0.46%
20-Jul-16,"3,237.61","3,246.86","3,254.51","3,232.26",72.70K,-0.33%
19-Jul-16,"3,248.23","3,260.43","3,264.73","3,226.20",88.89K,-0.42%
18-Jul-16,"3,262.02","3,269.71","3,281.64","3,251.77",110.31K,-0.44%
15-Jul-16,"3,276.28","3,278.84","3,285.03","3,265.29",102.67K,-0.01%
14-Jul-16,"3,276.76","3,277.48","3,281.95","3,259.07",107.53K,-0.19%
13-Jul-16,"3,282.87","3,274.02","3,300.99","3,271.78",175.20K,0.30%
12-Jul-16,"3,273.18","3,201.91","3,273.47","3,200.30",172.53K,2.18%
11-Jul-16,"3,203.33","3,199.04","3,235.96","3,197.63",138.53K,0.35%
8-Jul-16,"3,192.28","3,199.75","3,204.93","3,183.96",89.74K,-0.55%
7-Jul-16,"3,209.95","3,206.55","3,220.54","3,190.12",118.60K,-0.21%
6-Jul-16,"3,216.80","3,197.62","3,217.52","3,183.45",124.90K,0.29%
5-Jul-16,"3,207.38","3,199.16","3,216.70","3,198.00",130.23K,0.08%
4-Jul-16,"3,204.70","3,136.39","3,210.60","3,134.02",133.31K,1.60%
1-Jul-16,"3,154.20","3,156.93","3,170.26","3,148.29",71.75K,0.01%
30-Jun-16,"3,153.92","3,152.83","3,163.72","3,148.20",79.69K,0.08%
29-Jun-16,"3,151.39","3,142.48","3,158.08","3,139.13",103.72K,0.48%
28-Jun-16,"3,136.40","3,107.40","3,139.43","3,099.70",92.03K,0.51%
27-Jun-16,"3,120.54","3,065.13","3,120.64","3,064.97",83.27K,1.41%
24-Jun-16,"3,077.16","3,110.65","3,130.54","3,033.97",104.79K,-1.29%
23-Jun-16,"3,117.32","3,129.72","3,129.72","3,102.48",67.75K,-0.53%
22-Jun-16,"3,133.96","3,100.45","3,134.06","3,096.99",66.49K,0.89%
21-Jun-16,"3,106.32","3,124.90","3,155.49","3,097.94",87.97K,-0.20%
20-Jun-16,"3,112.67","3,114.91","3,118.73","3,089.71",63.59K,0.07%
17-Jun-16,"3,110.36","3,096.09","3,131.05","3,096.09",85.40K,0.51%
16-Jun-16,"3,094.67","3,104.36","3,112.48","3,089.48",82.98K,-0.70%
15-Jun-16,"3,116.37","3,043.96","3,128.67","3,042.23",87.39K,1.31%
14-Jun-16,"3,075.98","3,058.44","3,078.75","3,055.66",66.28K,0.31%
13-Jun-16,"3,066.34","3,134.05","3,145.61","3,065.77",92.98K,-3.09%
8-Jun-16,"3,163.99","3,171.81","3,174.97","3,148.35",76.29K,-0.41%
7-Jun-16,"3,177.05","3,182.44","3,186.62","3,168.18",68.93K,-0.05%
6-Jun-16,"3,178.79","3,192.78","3,197.22","3,168.55",76.69K,-0.33%
3-Jun-16,"3,189.33","3,172.95","3,201.75","3,162.09",101.49K,0.70%
2-Jun-16,"3,167.10","3,158.03","3,168.82","3,151.07",86.00K,0.21%
1-Jun-16,"3,160.55","3,172.96","3,181.79","3,159.82",113.15K,-0.28%
31-May-16,"3,169.56","3,068.60","3,170.93","3,068.60",138.86K,3.35%
30-May-16,"3,066.71","3,056.31","3,075.26","3,037.66",63.10K,0.14%
27-May-16,"3,062.50","3,059.73","3,073.76","3,052.18",60.47K,-0.06%
26-May-16,"3,064.21","3,056.60","3,072.52","3,027.44",60.39K,0.16%
25-May-16,"3,059.23","3,079.75","3,089.10","3,054.87",56.65K,-0.14%
24-May-16,"3,063.56","3,083.24","3,083.26","3,052.59",58.73K,-0.77%
23-May-16,"3,087.22","3,078.51","3,098.48","3,076.50",59.70K,0.29%
20-May-16,"3,078.22","3,047.78","3,078.53","3,041.52",56.08K,0.51%
19-May-16,"3,062.50","3,060.34","3,086.98","3,058.14",60.44K,-0.18%
18-May-16,"3,068.04","3,071.53","3,072.61","3,039.46",82.72K,-0.58%
17-May-16,"3,086.02","3,095.52","3,105.20","3,073.46",65.28K,-0.30%
16-May-16,"3,095.31","3,064.53","3,095.56","3,053.66",59.46K,0.66%
13-May-16,"3,074.94","3,081.68","3,103.10","3,064.69",62.63K,-0.49%
12-May-16,"3,090.14","3,059.38","3,095.35","3,035.02",78.77K,0.24%
11-May-16,"3,082.81","3,080.64","3,102.88","3,063.09",81.79K,0.45%
10-May-16,"3,069.11","3,055.21","3,084.72","3,055.18",68.85K,0.11%
9-May-16,"3,065.62","3,115.43","3,115.43","3,055.01",99.23K,-2.07%
6-May-16,"3,130.35","3,213.14","3,216.89","3,130.15",108.68K,-2.60%
5-May-16,"3,213.92","3,204.17","3,217.28","3,196.57",74.73K,0.14%
4-May-16,"3,209.46","3,203.47","3,222.88","3,198.29",90.86K,-0.13%
3-May-16,"3,213.54","3,159.82","3,218.49","3,151.40",98.17K,1.80%
29-Apr-16,"3,156.75","3,153.54","3,171.29","3,149.40",58.03K,-0.12%
28-Apr-16,"3,160.58","3,169.33","3,174.77","3,135.64",69.87K,-0.17%
27-Apr-16,"3,165.92","3,181.93","3,188.83","3,162.69",60.00K,-0.42%
26-Apr-16,"3,179.16","3,159.77","3,181.10","3,150.40",59.02K,0.54%
25-Apr-16,"3,162.03","3,164.74","3,172.27","3,137.11",67.52K,-0.41%
22-Apr-16,"3,174.90","3,142.56","3,175.38","3,137.99",77.08K,0.45%
21-Apr-16,"3,160.60","3,160.80","3,198.56","3,150.94",104.75K,-0.64%
20-Apr-16,"3,181.03","3,244.14","3,248.42","3,107.37",162.21K,-1.77%
19-Apr-16,"3,238.30","3,243.97","3,250.73","3,221.58",80.87K,0.31%
18-Apr-16,"3,228.45","3,252.67","3,252.67","3,221.66",97.09K,-1.34%
15-Apr-16,"3,272.21","3,279.86","3,282.98","3,261.73",99.81K,-0.11%
14-Apr-16,"3,275.83","3,277.10","3,286.07","3,252.05",113.16K,0.44%
13-Apr-16,"3,261.38","3,237.86","3,296.52","3,237.86",195.61K,1.33%
12-Apr-16,"3,218.45","3,227.37","3,232.26","3,198.90",92.87K,-0.36%
11-Apr-16,"3,230.10","3,213.51","3,251.57","3,213.51",125.21K,1.39%
8-Apr-16,"3,185.73","3,189.85","3,197.77","3,163.30",101.01K,-0.73%
7-Apr-16,"3,209.29","3,266.29","3,270.82","3,208.64",112.41K,-1.48%
6-Apr-16,"3,257.53","3,250.52","3,267.64","3,236.20",120.20K,-0.21%
5-Apr-16,"3,264.49","3,211.30","3,271.93","3,205.21",146.05K,1.32%
1-Apr-16,"3,221.89","3,213.67","3,222.61","3,165.86",118.12K,0.12%
31-Mar-16,"3,218.09","3,229.20","3,241.93","3,208.66",121.55K,0.06%
30-Mar-16,"3,216.28","3,161.29","3,216.68","3,161.29",117.80K,2.58%
29-Mar-16,"3,135.41","3,171.31","3,178.07","3,122.76",97.30K,-1.08%
28-Mar-16,"3,169.73","3,206.95","3,229.62","3,161.88",103.44K,-0.88%
25-Mar-16,"3,197.82","3,176.81","3,204.44","3,174.32",97.40K,0.50%
24-Mar-16,"3,181.85","3,211.50","3,221.91","3,181.81",133.13K,-1.68%
23-Mar-16,"3,236.09","3,217.73","3,242.25","3,202.98",125.68K,0.32%
22-Mar-16,"3,225.79","3,231.61","3,249.68","3,218.73",161.02K,-0.73%
21-Mar-16,"3,249.44","3,203.29","3,267.78","3,198.36",233.27K,2.44%
18-Mar-16,"3,171.96","3,136.22","3,197.67","3,130.10",197.30K,1.53%
17-Mar-16,"3,124.20","3,096.81","3,147.84","3,077.57",121.66K,1.11%
16-Mar-16,"3,090.03","3,068.87","3,100.35","3,064.52",124.74K,0.50%
15-Mar-16,"3,074.78","3,061.34","3,077.08","3,028.58",98.31K,0.30%
14-Mar-16,"3,065.69","3,039.57","3,106.80","3,034.00",117.11K,1.57%
11-Mar-16,"3,018.28","2,990.21","3,026.44","2,982.17",73.33K,0.17%
10-Mar-16,"3,013.15","3,056.21","3,074.16","3,012.69",76.07K,-1.91%
9-Mar-16,"3,071.91","3,045.92","3,072.92","3,020.13",111.47K,-1.15%
8-Mar-16,"3,107.67","3,100.15","3,109.25","3,001.83",136.24K,0.09%
7-Mar-16,"3,104.84","3,109.00","3,130.90","3,083.58",132.46K,0.35%
4-Mar-16,"3,093.89","3,047.54","3,101.66","3,032.42",219.17K,1.16%
3-Mar-16,"3,058.42","3,050.39","3,078.44","3,040.25",173.11K,0.23%
2-Mar-16,"3,051.33","2,933.92","3,054.72","2,933.12",175.97K,4.12%
1-Mar-16,"2,930.69","2,881.34","2,950.44","2,863.32",116.05K,1.85%
29-Feb-16,"2,877.47","2,939.58","2,939.87","2,821.21",129.34K,-2.39%
26-Feb-16,"2,948.03","2,942.10","2,964.39","2,902.95",106.95K,1.00%
25-Feb-16,"2,918.75","3,104.41","3,104.44","2,905.46",157.83K,-6.14%
24-Feb-16,"3,109.55","3,077.61","3,109.55","3,055.25",111.78K,0.65%
23-Feb-16,"3,089.36","3,117.20","3,119.22","3,061.43",112.57K,-0.95%
22-Feb-16,"3,118.87","3,083.93","3,128.21","3,071.33",140.95K,2.20%
19-Feb-16,"3,051.59","3,047.94","3,065.97","3,032.63",87.34K,-0.07%
18-Feb-16,"3,053.70","3,079.53","3,093.51","3,049.84",124.40K,-0.31%
17-Feb-16,"3,063.32","3,034.09","3,065.78","3,027.05",128.29K,0.87%
16-Feb-16,"3,037.04","2,962.19","3,042.09","2,962.19",112.58K,3.07%
15-Feb-16,"2,946.71","2,888.43","2,961.49","2,886.02",72.92K,-0.58%
5-Feb-16,"2,963.79","2,982.06","2,988.36","2,962.85",76.85K,-0.70%
4-Feb-16,"2,984.76","2,960.33","2,999.21","2,960.21",91.78K,1.22%
3-Feb-16,"2,948.64","2,931.29","2,954.71","2,909.90",77.39K,-0.43%
2-Feb-16,"2,961.33","2,901.53","2,972.43","2,901.51",88.60K,2.08%
1-Feb-16,"2,901.05","2,939.04","2,944.52","2,869.56",86.80K,-1.53%
29-Jan-16,"2,946.09","2,855.60","2,965.31","2,854.37",113.30K,3.24%
28-Jan-16,"2,853.76","2,909.33","2,941.89","2,841.84",99.22K,-2.61%
27-Jan-16,"2,930.35","2,953.18","2,963.54","2,839.29",132.23K,-0.35%
26-Jan-16,"2,940.51","3,099.60","3,106.53","2,934.65",126.93K,-6.02%
25-Jan-16,"3,128.89","3,129.03","3,149.33","3,105.10",81.54K,0.50%
22-Jan-16,"3,113.46","3,114.89","3,132.17","3,053.96",89.95K,1.04%
21-Jan-16,"3,081.35","3,136.38","3,202.54","3,081.35",111.19K,-2.93%
20-Jan-16,"3,174.38","3,204.22","3,225.95","3,154.43",130.65K,-1.51%
19-Jan-16,"3,223.13","3,132.70","3,227.91","3,119.22",127.65K,2.95%
18-Jan-16,"3,130.73","3,068.23","3,165.62","3,066.73",101.13K,0.38%
15-Jan-16,"3,118.73","3,200.89","3,216.80","3,101.05",124.60K,-3.19%
14-Jan-16,"3,221.57","3,076.64","3,226.66","3,072.04",134.54K,2.08%
13-Jan-16,"3,155.88","3,240.48","3,257.30","3,155.88",120.67K,-1.86%
12-Jan-16,"3,215.71","3,214.82","3,242.25","3,174.55",128.23K,0.73%
11-Jan-16,"3,192.45","3,303.12","3,342.48","3,192.45",174.64K,-5.03%
8-Jan-16,"3,361.56","3,371.87","3,418.85","3,237.93",185.96K,2.04%
7-Jan-16,"3,294.38","3,481.15","3,481.15","3,284.74",44.10K,-6.93%
6-Jan-16,"3,539.81","3,482.41","3,543.74","3,468.47",145.97K,1.75%
5-Jan-16,"3,478.78","3,382.18","3,518.22","3,377.28",162.12K,0.28%
4-Jan-16,"3,469.07","3,725.86","3,726.24","3,468.95",115.37K,-7.02%
31-Dec-15,"3,731.00","3,760.90","3,772.62","3,727.32",101.87K,-0.91%
30-Dec-15,"3,765.18","3,762.91","3,765.66","3,726.28",105.63K,0.09%
29-Dec-15,"3,761.87","3,723.05","3,762.05","3,710.48",101.89K,0.92%
28-Dec-15,"3,727.63","3,847.53","3,853.39","3,727.63",153.99K,-2.88%
25-Dec-15,"3,838.20","3,832.08","3,848.02","3,813.20",119.62K,0.23%
24-Dec-15,"3,829.40","3,858.13","3,867.68","3,787.08",147.18K,-0.96%
23-Dec-15,"3,866.38","3,877.87","3,926.69","3,862.96",207.02K,-0.27%
22-Dec-15,"3,876.73","3,872.10","3,880.47","3,841.59",180.30K,0.28%
21-Dec-15,"3,865.96","3,762.10","3,877.82","3,759.99",217.44K,2.60%
18-Dec-15,"3,767.91","3,754.96","3,810.22","3,750.93",173.47K,0.32%
17-Dec-15,"3,755.89","3,712.78","3,768.84","3,709.85",177.92K,1.91%
16-Dec-15,"3,685.44","3,703.95","3,713.09","3,677.45",111.34K,-0.24%
15-Dec-15,"3,694.39","3,707.73","3,717.36","3,679.23",126.48K,-0.46%
14-Dec-15,"3,711.32","3,573.88","3,712.50","3,571.00",151.77K,2.86%
11-Dec-15,"3,608.06","3,605.37","3,630.74","3,578.15",110.32K,-0.41%
10-Dec-15,"3,623.08","3,634.37","3,678.32","3,615.99",120.22K,-0.35%
9-Dec-15,"3,635.94","3,613.42","3,655.16","3,611.49",113.33K,0.36%
8-Dec-15,"3,623.02","3,668.84","3,668.84","3,619.44",125.78K,-1.75%
7-Dec-15,"3,687.61","3,681.58","3,699.34","3,658.58",113.88K,0.27%
4-Dec-15,"3,677.59","3,719.73","3,726.12","3,667.29",151.20K,-1.91%
3-Dec-15,"3,749.30","3,709.55","3,758.45","3,693.14",197.76K,0.73%
2-Dec-15,"3,721.95","3,587.76","3,725.85","3,573.40",213.54K,3.63%
1-Dec-15,"3,591.70","3,562.32","3,617.31","3,536.12",136.54K,0.71%
30-Nov-15,"3,566.41","3,554.89","3,587.97","3,455.07",173.20K,0.26%
27-Nov-15,"3,556.99","3,739.10","3,742.74","3,534.39",208.94K,-5.38%
26-Nov-15,"3,759.43","3,795.25","3,805.84","3,756.82",173.53K,-0.59%
25-Nov-15,"3,781.61","3,747.76","3,781.86","3,735.72",151.95K,0.74%
24-Nov-15,"3,753.89","3,745.76","3,754.17","3,702.74",143.38K,0.01%
23-Nov-15,"3,753.34","3,774.44","3,802.85","3,743.41",175.63K,-0.56%
20-Nov-15,"3,774.38","3,778.88","3,793.54","3,757.03",186.95K,-0.02%
19-Nov-15,"3,774.97","3,725.62","3,775.23","3,714.67",154.63K,1.60%
18-Nov-15,"3,715.58","3,760.46","3,771.85","3,706.31",185.69K,-1.14%
17-Nov-15,"3,758.39","3,790.43","3,852.77","3,750.16",248.53K,-0.15%
16-Nov-15,"3,764.13","3,682.73","3,764.41","3,680.07",161.69K,0.48%
13-Nov-15,"3,746.24","3,756.20","3,793.71","3,727.58",203.49K,-1.29%
12-Nov-15,"3,795.32","3,841.74","3,843.90","3,771.27",217.54K,-1.00%
11-Nov-15,"3,833.65","3,828.45","3,843.11","3,781.41",232.23K,0.01%
10-Nov-15,"3,833.24","3,806.67","3,876.49","3,798.82",286.52K,-0.19%
9-Nov-15,"3,840.35","3,796.38","3,891.77","3,796.38",356.81K,1.24%
6-Nov-15,"3,793.37","3,698.34","3,801.70","3,694.66",298.75K,2.36%
5-Nov-15,"3,705.97","3,630.78","3,781.41","3,627.30",398.05K,2.13%
4-Nov-15,"3,628.54","3,477.16","3,628.54","3,477.16",205.42K,4.70%
3-Nov-15,"3,465.49","3,484.72","3,501.70","3,452.62",101.40K,-0.30%
2-Nov-15,"3,475.96","3,489.23","3,543.45","3,474.71",130.00K,-1.64%
30-Oct-15,"3,534.08","3,530.22","3,574.47","3,497.57",139.14K,0.02%
29-Oct-15,"3,533.31","3,539.98","3,561.81","3,507.97",127.01K,0.24%
28-Oct-15,"3,524.92","3,575.80","3,598.17","3,517.21",170.98K,-1.89%
27-Oct-15,"3,592.88","3,569.45","3,601.05","3,486.10",192.06K,0.10%
26-Oct-15,"3,589.26","3,614.70","3,620.76","3,561.19",204.25K,0.50%
23-Oct-15,"3,571.24","3,536.84","3,581.84","3,515.82",198.29K,1.33%
22-Oct-15,"3,524.53","3,453.20","3,530.77","3,442.31",184.31K,1.48%
21-Oct-15,"3,473.25","3,580.84","3,601.24","3,417.41",282.08K,-2.92%
20-Oct-15,"3,577.70","3,527.88","3,577.80","3,510.44",179.03K,1.23%
19-Oct-15,"3,534.18","3,548.95","3,572.99","3,502.50",207.61K,0.00%
16-Oct-15,"3,534.07","3,508.52","3,537.54","3,487.10",208.97K,1.36%
15-Oct-15,"3,486.82","3,403.39","3,486.82","3,402.32",171.16K,2.37%
14-Oct-15,"3,406.11","3,431.14","3,458.70","3,403.23",152.17K,-1.13%
13-Oct-15,"3,445.04","3,422.48","3,452.05","3,413.97",145.43K,-0.08%
12-Oct-15,"3,447.69","3,351.14","3,486.63","3,347.25",221.40K,3.22%
9-Oct-15,"3,340.12","3,302.36","3,352.38","3,293.97",124.35K,1.32%
8-Oct-15,"3,296.48","3,324.98","3,337.33","3,294.60",132.08K,2.92%
30-Sep-15,"3,202.95","3,195.90","3,223.91","3,186.77",78.56K,0.76%
29-Sep-15,"3,178.85","3,197.22","3,208.42","3,159.04",87.15K,-1.97%
28-Sep-15,"3,242.75","3,226.61","3,246.55","3,186.51",74.22K,0.33%
25-Sep-15,"3,231.95","3,272.66","3,290.86","3,201.91",121.42K,-1.61%
24-Sep-15,"3,285.00","3,278.90","3,300.86","3,255.90",102.01K,0.67%
23-Sep-15,"3,263.03","3,290.07","3,315.94","3,253.33",123.17K,-2.28%
22-Sep-15,"3,339.03","3,312.37","3,371.41","3,303.18",146.22K,0.93%
21-Sep-15,"3,308.25","3,222.60","3,312.55","3,211.93",122.79K,1.75%
18-Sep-15,"3,251.27","3,254.44","3,280.88","3,227.83",106.90K,0.44%
17-Sep-15,"3,237.00","3,287.66","3,354.91","3,237.00",169.40K,-2.18%
16-Sep-15,"3,309.25","3,149.16","3,345.92","3,131.37",159.71K,4.98%
15-Sep-15,"3,152.23","3,208.74","3,240.08","3,131.98",143.56K,-3.93%
14-Sep-15,"3,281.13","3,367.64","3,373.92","3,187.57",205.46K,-1.97%
11-Sep-15,"3,347.19","3,349.88","3,383.13","3,315.48",108.55K,-0.31%
10-Sep-15,"3,357.56","3,349.28","3,398.32","3,337.31",144.88K,-1.23%
9-Sep-15,"3,399.31","3,344.82","3,426.65","3,330.29",220.47K,1.96%
8-Sep-15,"3,334.02","3,221.79","3,340.22","3,170.81",154.60K,2.57%
7-Sep-15,"3,250.49","3,347.29","3,422.22","3,240.24",204.22K,-3.43%
2-Sep-15,"3,365.83","3,220.85","3,387.02","3,213.64",347.79K,0.11%
1-Sep-15,"3,362.08","3,296.53","3,370.50","3,190.58",352.46K,-0.13%
31-Aug-15,"3,366.54","3,307.40","3,368.28","3,205.54",280.25K,0.73%
28-Aug-15,"3,342.29","3,246.24","3,353.24","3,223.62",299.50K,4.26%
27-Aug-15,"3,205.64","3,092.81","3,206.72","3,028.40",267.30K,5.95%
26-Aug-15,"3,025.69","3,062.57","3,192.93","2,952.01",308.27K,-0.57%
25-Aug-15,"3,042.93","3,070.01","3,200.11","3,019.56",276.08K,-7.10%
24-Aug-15,"3,275.53","3,454.60","3,468.15","3,266.55",255.44K,-8.75%
21-Aug-15,"3,589.54","3,714.29","3,757.78","3,578.17",217.99K,-4.57%
20-Aug-15,"3,761.45","3,848.40","3,880.82","3,761.45",212.17K,-3.21%
19-Aug-15,"3,886.14","3,748.27","3,898.74","3,668.19",269.05K,1.59%
18-Aug-15,"3,825.41","4,084.31","4,103.05","3,816.55",319.88K,-6.19%
17-Aug-15,"4,077.87","4,058.11","4,081.77","4,009.99",256.94K,0.11%
14-Aug-15,"4,073.54","4,097.92","4,113.16","4,056.73",253.39K,-0.05%
13-Aug-15,"4,075.46","4,010.01","4,075.70","3,967.82",242.84K,1.48%
12-Aug-15,"4,016.13","4,025.67","4,078.03","4,015.35",255.15K,-1.24%
11-Aug-15,"4,066.67","4,083.59","4,110.13","4,042.00",322.03K,-0.43%
10-Aug-15,"4,084.36","3,947.47","4,101.73","3,932.84",306.78K,4.54%
7-Aug-15,"3,906.94","3,866.43","3,926.65","3,857.91",183.35K,1.96%
6-Aug-15,"3,831.85","3,802.93","3,888.69","3,793.24",147.28K,-0.91%
5-Aug-15,"3,866.90","3,937.62","3,962.28","3,858.66",200.48K,-2.06%
4-Aug-15,"3,948.16","3,827.37","3,948.45","3,801.03",220.24K,3.11%
3-Aug-15,"3,829.24","3,766.07","3,829.24","3,742.58",245.81K,0.33%
31-Jul-15,"3,816.70","3,777.15","3,863.62","3,757.99",222.38K,0.03%
30-Jul-15,"3,815.41","3,915.78","3,968.53","3,802.88",271.55K,-2.93%
29-Jul-15,"3,930.38","3,839.96","3,934.00","3,769.19",276.97K,3.13%
28-Jul-15,"3,811.09","3,690.97","3,883.45","3,627.42",383.53K,-0.20%
27-Jul-15,"3,818.73","4,097.80","4,156.31","3,817.17",365.06K,-8.56%
24-Jul-15,"4,176.28","4,255.20","4,299.65","4,154.62",392.05K,-1.75%
23-Jul-15,"4,250.81","4,158.93","4,262.06","4,148.82",354.47K,2.25%
22-Jul-15,"4,157.16","4,148.56","4,187.43","4,094.71",318.95K,-0.21%
21-Jul-15,"4,166.01","4,109.76","4,201.48","4,081.70",318.38K,0.13%
20-Jul-15,"4,160.61","4,157.06","4,221.69","4,106.39",352.67K,0.22%
17-Jul-15,"4,151.50","4,023.76","4,190.19","4,000.23",331.11K,3.86%
16-Jul-15,"3,997.36","3,949.64","4,067.02","3,856.32",330.53K,0.77%
15-Jul-15,"3,966.76","4,068.88","4,114.24","3,899.51",421.96K,-3.54%
14-Jul-15,"4,112.15","4,178.63","4,258.51","4,062.50",454.42K,-2.37%
13-Jul-15,"4,211.81","4,132.23","4,278.16","4,072.43",502.09K,2.56%
10-Jul-15,"4,106.56","3,916.27","4,179.11","3,887.55",500.70K,5.36%
9-Jul-15,"3,897.63","3,621.68","3,930.26","3,537.83",503.87K,6.40%
8-Jul-15,"3,663.04","3,651.06","3,762.62","3,612.25",581.47K,-6.75%
7-Jul-15,"3,928.00","3,877.85","3,960.64","3,743.62",679.39K,-1.76%
6-Jul-15,"3,998.54","4,218.27","4,218.27","3,832.47",648.10K,2.90%
3-Jul-15,"3,885.92","4,017.20","4,164.63","3,785.90",429.30K,-5.41%
2-Jul-15,"4,108.00","4,287.73","4,312.19","4,000.06",457.06K,-3.41%
1-Jul-15,"4,253.02","4,408.98","4,526.13","4,235.70",431.72K,-4.92%
30-Jun-15,"4,473.00","4,161.07","4,475.77","4,016.01",527.05K,6.71%
29-Jun-15,"4,191.55","4,446.84","4,451.17","4,000.93",525.66K,-3.34%
26-Jun-15,"4,336.19","4,573.87","4,650.19","4,278.68",446.64K,-7.87%
25-Jun-15,"4,706.52","4,906.24","4,919.26","4,667.22",446.14K,-3.56%
24-Jun-15,"4,880.13","4,811.59","4,883.73","4,744.31",434.64K,1.96%
23-Jun-15,"4,786.09","4,641.42","4,786.95","4,455.33",365.09K,3.21%
19-Jun-15,"4,637.05","4,847.06","4,910.45","4,634.69",358.11K,-5.95%
18-Jun-15,"4,930.55","5,107.69","5,121.22","4,926.43",364.40K,-4.05%
17-Jun-15,"5,138.83","5,072.31","5,158.37","4,949.29",397.12K,1.46%
16-Jun-15,"5,064.82","5,165.02","5,204.30","5,015.26",411.68K,-2.99%
15-Jun-15,"5,221.17","5,354.01","5,362.45","5,207.31",475.75K,-2.14%
12-Jun-15,"5,335.12","5,329.28","5,351.65","5,283.09",430.13K,0.54%
11-Jun-15,"5,306.59","5,305.14","5,329.30","5,248.16",392.34K,-0.05%
10-Jun-15,"5,309.11","5,254.30","5,374.83","5,209.68",442.17K,-0.16%
9-Jun-15,"5,317.46","5,379.47","5,380.43","5,251.21",570.43K,-0.68%
8-Jun-15,"5,353.75","5,259.41","5,370.61","5,202.59",637.31K,2.36%
5-Jun-15,"5,230.55","5,254.90","5,288.34","5,104.18",545.96K,0.95%
4-Jun-15,"5,181.42","5,156.01","5,194.23","4,863.47",482.77K,0.74%
3-Jun-15,"5,143.59","5,176.60","5,186.97","5,059.49",414.26K,-0.35%
2-Jun-15,"5,161.87","5,091.27","5,162.56","5,047.08",412.97K,1.69%
1-Jun-15,"5,076.18","4,862.76","5,079.32","4,835.77",417.50K,4.86%
29-May-15,"4,840.83","4,839.53","4,924.30","4,665.52",427.88K,0.14%
28-May-15,"4,834.01","5,174.10","5,213.18","4,831.33",571.83K,-6.71%
27-May-15,"5,181.43","5,216.17","5,226.84","5,126.86",470.80K,-0.34%
26-May-15,"5,198.92","5,140.80","5,199.30","5,063.15",487.95K,1.95%
25-May-15,"5,099.49","4,949.11","5,099.84","4,949.11",465.74K,2.99%
22-May-15,"4,951.34","4,895.93","4,951.99","4,870.60",455.85K,2.28%
21-May-15,"4,840.98","4,768.69","4,841.61","4,746.03",305.06K,1.81%
20-May-15,"4,754.92","4,751.57","4,843.10","4,745.21",363.18K,0.50%
19-May-15,"4,731.22","4,577.64","4,740.01","4,577.64",314.79K,3.41%
18-May-15,"4,575.14","4,582.06","4,623.38","4,565.06",269.18K,-0.92%
15-May-15,"4,617.47","4,690.76","4,690.76","4,592.05",328.43K,-1.77%
14-May-15,"4,700.78","4,717.95","4,735.28","4,670.17",337.73K,-0.37%
13-May-15,"4,718.44","4,746.71","4,758.00","4,678.85",370.73K,-0.61%
12-May-15,"4,747.42","4,692.12","4,748.00","4,660.02",377.05K,1.21%
11-May-15,"4,690.53","4,582.09","4,690.95","4,535.15",373.84K,2.90%
8-May-15,"4,558.40","4,515.55","4,559.06","4,445.59",302.41K,1.98%
7-May-15,"4,470.09","4,520.82","4,546.34","4,467.46",297.76K,-1.83%
6-May-15,"4,553.33","4,626.23","4,700.91","4,511.76",376.07K,-0.95%
5-May-15,"4,596.84","4,785.19","4,785.19","4,572.98",460.42K,-3.99%
4-May-15,"4,787.74","4,757.64","4,795.91","4,699.40",377.84K,0.80%
30-Apr-15,"4,749.89","4,788.41","4,818.73","4,749.48",399.73K,-0.51%
29-Apr-15,"4,774.33","4,722.90","4,797.93","4,695.79",395.06K,0.68%
28-Apr-15,"4,741.86","4,811.32","4,839.08","4,703.57",608.64K,-1.37%
27-Apr-15,"4,807.59","4,753.87","4,810.48","4,735.31",513.08K,2.23%
24-Apr-15,"4,702.64","4,682.63","4,730.43","4,618.32",480.15K,-0.81%
23-Apr-15,"4,740.89","4,764.48","4,782.04","4,693.97",497.43K,0.02%
22-Apr-15,"4,739.81","4,637.06","4,740.93","4,632.59",516.21K,2.61%
21-Apr-15,"4,619.16","4,520.46","4,620.06","4,504.56",490.32K,2.15%
20-Apr-15,"4,521.92","4,615.03","4,671.17","4,492.60",686.44K,-1.61%
17-Apr-15,"4,596.14","4,578.68","4,630.27","4,553.90",552.80K,1.83%
16-Apr-15,"4,513.55","4,355.49","4,513.77","4,335.63",422.60K,3.04%
15-Apr-15,"4,380.51","4,439.31","4,476.00","4,379.61",472.15K,-1.30%
14-Apr-15,"4,438.18","4,432.13","4,474.35","4,385.91",434.43K,0.39%
13-Apr-15,"4,421.07","4,394.05","4,432.02","4,361.59",434.15K,1.76%
10-Apr-15,"4,344.42","4,249.38","4,351.69","4,231.20",348.19K,1.93%
9-Apr-15,"4,262.14","4,316.96","4,332.17","4,212.61",439.70K,-0.78%
8-Apr-15,"4,295.80","4,277.45","4,304.78","4,204.83",458.68K,0.84%
7-Apr-15,"4,260.04","4,213.89","4,260.47","4,197.02",415.36K,2.15%
3-Apr-15,"4,170.54","4,104.67","4,170.56","4,092.38",321.30K,1.11%
2-Apr-15,"4,124.78","4,149.95","4,156.84","4,068.65",339.07K,0.02%
1-Apr-15,"4,123.90","4,057.50","4,139.50","4,046.94",329.51K,1.79%
31-Mar-15,"4,051.20","4,138.89","4,166.02","4,037.77",436.07K,-0.90%
30-Mar-15,"4,088.18","3,999.02","4,101.65","3,999.02",428.30K,2.93%
27-Mar-15,"3,971.70","3,957.54","3,993.03","3,932.87",298.76K,0.55%
26-Mar-15,"3,950.00","3,921.74","3,992.00","3,892.88",346.76K,0.24%
25-Mar-15,"3,940.41","3,961.58","3,980.72","3,913.99",379.97K,-0.82%
24-Mar-15,"3,973.05","3,980.07","3,989.86","3,883.78",468.58K,0.02%
23-Mar-15,"3,972.06","3,923.08","3,972.30","3,922.21",391.12K,2.04%
20-Mar-15,"3,892.57","3,852.49","3,916.86","3,832.42",401.82K,1.38%
19-Mar-15,"3,839.74","3,851.25","3,859.13","3,809.71",391.55K,-0.16%
18-Mar-15,"3,846.05","3,769.09","3,846.05","3,763.85",415.19K,2.37%
17-Mar-15,"3,757.12","3,733.96","3,762.57","3,716.81",371.63K,1.39%
16-Mar-15,"3,705.67","3,641.77","3,705.74","3,621.12",275.44K,2.43%
13-Mar-15,"3,617.66","3,604.67","3,641.39","3,594.74",246.87K,0.69%
12-Mar-15,"3,592.84","3,557.69","3,603.34","3,536.53",265.67K,1.93%
11-Mar-15,"3,524.65","3,524.57","3,568.92","3,512.22",188.95K,0.11%
10-Mar-15,"3,520.61","3,523.64","3,551.20","3,511.99",194.27K,-0.48%
9-Mar-15,"3,537.75","3,449.70","3,546.70","3,417.49",233.94K,1.70%
6-Mar-15,"3,478.52","3,501.18","3,516.24","3,472.39",181.52K,-0.51%
5-Mar-15,"3,496.34","3,513.25","3,517.08","3,467.68",217.51K,-0.98%
4-Mar-15,"3,530.82","3,514.67","3,540.91","3,497.17",199.66K,0.65%
3-Mar-15,"3,507.90","3,579.32","3,579.32","3,504.20",261.87K,-2.59%
2-Mar-15,"3,601.26","3,603.45","3,608.69","3,566.53",248.18K,0.80%
27-Feb-15,"3,572.84","3,565.23","3,594.81","3,560.45",222.79K,0.18%
26-Feb-15,"3,566.30","3,473.71","3,569.33","3,456.87",229.33K,2.52%
25-Feb-15,"3,478.73","3,529.55","3,529.55","3,463.95",165.54K,-1.24%
17-Feb-15,"3,522.32","3,511.54","3,536.82","3,511.09",165.33K,0.65%
16-Feb-15,"3,499.48","3,473.29","3,504.47","3,466.61",165.64K,0.85%
13-Feb-15,"3,469.83","3,458.83","3,509.51","3,452.08",201.09K,0.78%
12-Feb-15,"3,442.87","3,435.36","3,453.58","3,405.63",156.08K,0.25%
11-Feb-15,"3,434.12","3,415.98","3,445.66","3,412.14",144.61K,0.80%
10-Feb-15,"3,406.94","3,345.08","3,407.18","3,339.55",159.31K,1.82%
9-Feb-15,"3,345.92","3,305.73","3,376.53","3,298.60",172.35K,1.01%
6-Feb-15,"3,312.42","3,352.33","3,374.05","3,285.93",192.66K,-1.62%
5-Feb-15,"3,366.95","3,487.95","3,487.95","3,366.86",250.43K,-1.02%
4-Feb-15,"3,401.77","3,446.14","3,476.82","3,399.57",191.30K,-1.04%
3-Feb-15,"3,437.45","3,388.60","3,441.71","3,360.72",192.85K,2.49%
2-Feb-15,"3,353.96","3,360.19","3,407.26","3,347.09",195.18K,-2.34%
30-Jan-15,"3,434.39","3,496.89","3,514.22","3,431.94",196.48K,-1.36%
29-Jan-15,"3,481.80","3,474.91","3,505.58","3,453.90",211.62K,-1.23%
28-Jan-15,"3,525.32","3,547.24","3,583.31","3,512.39",216.22K,-1.39%
27-Jan-15,"3,574.93","3,614.04","3,616.26","3,510.02",287.67K,-0.92%
26-Jan-15,"3,607.99","3,580.12","3,611.62","3,559.38",239.77K,1.02%
23-Jan-15,"3,571.73","3,582.09","3,627.81","3,548.63",280.17K,0.12%
22-Jan-15,"3,567.61","3,551.05","3,576.76","3,520.05",268.85K,0.53%
21-Jan-15,"3,548.89","3,420.49","3,557.79","3,409.43",337.93K,4.50%
20-Jan-15,"3,396.22","3,336.79","3,419.20","3,325.68",297.84K,1.22%
19-Jan-15,"3,355.16","3,414.01","3,497.25","3,330.98",329.51K,-7.70%
16-Jan-15,"3,635.15","3,616.25","3,662.16","3,601.26",282.68K,0.86%
15-Jan-15,"3,604.12","3,501.72","3,604.12","3,482.27",237.81K,2.90%
14-Jan-15,"3,502.42","3,522.91","3,547.24","3,471.56",196.01K,-0.33%
13-Jan-15,"3,514.04","3,506.45","3,550.16","3,494.77",187.15K,0.01%
12-Jan-15,"3,513.58","3,531.51","3,560.53","3,461.32",266.57K,-0.93%
9-Jan-15,"3,546.72","3,547.57","3,689.75","3,536.39",349.98K,-0.35%
8-Jan-15,"3,559.26","3,650.07","3,659.95","3,552.10",295.00K,-2.32%
7-Jan-15,"3,643.79","3,620.92","3,671.19","3,601.70",320.19K,0.07%
6-Jan-15,"3,641.06","3,608.43","3,683.23","3,587.23",420.96K,-0.01%
5-Jan-15,"3,641.54","3,566.09","3,669.04","3,551.51",451.20K,3.05%
