,averaged daily return,averaged daily return after transaction cost
2015-03-09,0.0,-0.001
2015-03-10,-0.0042245478592186445,-0.0042245478592186445
2015-03-11,0.0022062609672107557,0.0022062609672107557
2015-03-12,0.014064328566045932,0.014064328566045932
2015-03-13,0.018036432344401093,0.018036432344401093
2015-03-16,0.02436790185253088,0.02396049444512347
2015-03-17,0.019752962783255508,0.019752962783255508
2015-03-18,0.03568046481699366,0.03568046481699366
2015-03-19,0.008710750933082332,0.008710750933082332
2015-03-20,0.01033727012436367,0.01033727012436367
2015-03-23,0.024744142714197975,0.024315571285626548
2015-03-24,0.011835492944172271,0.011835492944172271
2015-03-25,-0.00604640902660625,-0.00604640902660625
2015-03-26,-0.0035643058875044326,-0.0035643058875044326
2015-03-27,0.003917525879127785,0.003917525879127785
2015-03-30,0.03334601665739875,0.03313173094311304
2015-03-31,-0.017685534076430393,-0.017685534076430393
2015-04-01,0.016537113949569488,0.016537113949569488
2015-04-02,0.003351444649725875,0.003351444649725875
2015-04-03,0.007042221401847654,0.007042221401847654
2015-04-07,0.026896779445797877,0.026563446112464542
2015-04-08,0.018837999917831978,0.018837999917831978
2015-04-09,-0.012432353019140405,-0.012432353019140405
2015-04-10,0.00901098706205189,0.00901098706205189
2015-04-13,0.02515721098902771,0.02515721098902771
2015-04-14,0.02729752669448822,0.02689752669448822
2015-04-15,-0.013184580600110884,-0.013184580600110884
2015-04-16,0.02846397545699339,0.02846397545699339
2015-04-17,0.037628300364471415,0.037628300364471415
2015-04-20,0.01376053308011194,0.01376053308011194
2015-04-21,0.0163924236537902,0.015992423653790198
2015-04-22,0.03223074559550829,0.03223074559550829
2015-04-23,0.007909015612691275,0.007909015612691275
2015-04-24,0.005882019609301204,0.005882019609301204
2015-04-27,0.034678850366483466,0.034678850366483466
2015-04-28,-0.012679792254471042,-0.012946458921137709
2015-04-29,-0.0020945915139851013,-0.0020945915139851013
2015-04-30,0.002736048022259649,0.002736048022259649
2015-05-04,0.009287629032869019,0.009287629032869019
2015-05-05,-0.047047347167397356,-0.047047347167397356
2015-05-06,-0.02152472057832645,-0.02183722057832645
2015-05-07,-0.05010972796542618,-0.05010972796542618
2015-05-08,0.03399658163323095,0.03399658163323095
2015-05-11,0.03607643321777875,0.03607643321777875
2015-05-12,0.02065333422668061,0.02065333422668061
2015-05-13,-0.013512856080313773,-0.01377952274698044
2015-05-14,0.002461267875712376,0.002461267875712376
2015-05-15,-0.01746005897568503,-0.01746005897568503
2015-05-18,-0.020572334424268562,-0.020572334424268562
2015-05-19,0.03538603153516931,0.03538603153516931
2015-05-20,-0.0014420590643248212,-0.001742059064324821
2015-05-21,0.012617118809389602,0.012617118809389602
2015-05-22,0.028892696578401444,0.028892696578401444
2015-05-25,0.03733867630098674,0.03733867630098674
2015-05-26,0.01888938009404554,0.01888938009404554
2015-05-27,-0.0023096985996496626,-0.0025355050512625658
2015-05-28,-0.06536660047577207,-0.06536660047577207
2015-05-29,-0.007977960984677852,-0.007977960984677852
2015-06-01,0.04974825811718969,0.04974825811718969
2015-06-02,0.019359996779180745,0.019359996779180745
2015-06-03,-0.004033220698647815,-0.004233220698647814
2015-06-04,-0.008317401741231937,-0.008317401741231937
2015-06-05,0.028053120870949622,0.028053120870949622
2015-06-08,0.029299828699038067,0.029299828699038067
2015-06-09,-0.002747761293974479,-0.002747761293974479
2015-06-10,-0.015042220150408134,-0.015308886817074801
2015-06-11,-0.009758985639118931,-0.009758985639118931
2015-06-12,0.0015850912071311107,0.0015850912071311107
2015-06-15,-0.016927770628662776,-0.016927770628662776
2015-06-16,-0.042647401907107314,-0.042647401907107314
2015-06-17,0.019460139129327626,0.019026805795994292
2015-06-18,-0.04966929674702421,-0.04966929674702421
2015-06-19,-0.07563152580912617,-0.07563152580912617
2015-06-23,0.024845787471679648,0.024845787471679648
2015-06-24,0.029145543770163852,0.029145543770163852
2015-06-25,-0.04234333262396627,-0.0426013971400953
2015-06-26,-0.07888576878059093,-0.07888576878059093
2015-06-29,-0.03476473147725416,-0.03476473147725416
2015-06-30,0.07479656920896571,0.07479656920896571
2015-07-01,-0.049600455212118755,-0.049600455212118755
2015-07-02,-0.036479807291421355,-0.03693142019464716
2015-07-03,-0.06998739533251881,-0.06998739533251881
2015-07-06,0.031494013590316075,0.031494013590316075
2015-07-07,-0.029310619794984585,-0.029310619794984585
2015-07-08,-0.08226980380373035,-0.08226980380373035
2015-07-09,0.08434675638495047,0.0840564338043053
2015-07-10,0.07520931526341754,0.07520931526341754
2015-07-13,0.04937249927971516,0.04937249927971516
2015-07-14,-0.02762061353433805,-0.02762061353433805
2015-07-15,-0.05155945800859962,-0.05155945800859962
2015-07-16,0.014731842505870963,0.014356842505870963
2015-07-17,0.04141282572167962,0.04141282572167962
2015-07-20,0.008905564440430043,0.008905564440430043
2015-07-21,0.0009658646058205015,0.0009658646058205015
2015-07-22,0.0005733348958822679,0.0005733348958822679
2015-07-23,0.02091964757657152,0.02060714757657152
2015-07-24,-0.023165568951847345,-0.023165568951847345
2015-07-27,-0.09370035172401939,-0.09370035172401939
2015-07-28,-0.01266037536957221,-0.01266037536957221
2015-07-29,0.03191213827314727,0.03191213827314727
2015-07-30,-0.03370576581368615,-0.03395576581368615
2015-07-31,-0.0005026291878073057,-0.0005026291878073057
2015-08-03,-0.00783380506516416,-0.00783380506516416
2015-08-04,0.034828131993072275,0.034828131993072275
2015-08-05,-0.024029054266841234,-0.024029054266841234
2015-08-06,-0.010908264769861722,-0.011220764769861722
2015-08-07,0.02632180687141353,0.02632180687141353
2015-08-10,0.05125156136786416,0.05125156136786416
2015-08-11,-0.002144468409629515,-0.002144468409629515
2015-08-12,-0.01708092693176916,-0.01708092693176916
2015-08-13,0.021222062580973887,0.020784562580973887
2015-08-14,-0.002040303073614551,-0.002040303073614551
2015-08-17,0.004062787853069674,0.004062787853069674
2015-08-18,-0.07388747145914616,-0.07388747145914616
2015-08-19,0.019777640801167184,0.019777640801167184
2015-08-20,-0.039279826849153446,-0.039717326849153446
2015-08-21,-0.04947637727060424,-0.04947637727060424
2015-08-24,-0.0968151189280779,-0.0968151189280779
2015-08-25,-0.09167000430652368,-0.09167000430652368
2015-08-26,-0.035249842432924075,-0.035249842432924075
2015-08-27,0.04943099483330714,0.04889974483330714
2015-08-28,0.06437018662793151,0.06437018662793151
2015-08-31,-0.014227329680509366,-0.014227329680509366
2015-09-01,-0.002654685599122538,-0.002654685599122538
2015-09-02,-0.005676394021671675,-0.005676394021671675
2015-09-07,-0.0202592151427845,-0.02067856998149418
2015-09-08,0.025707849276500345,0.025707849276500345
2015-09-09,0.028667171533077247,0.028667171533077247
2015-09-10,-0.01709582799086822,-0.01709582799086822
2015-09-11,0.00049334403391607,0.00049334403391607
2015-09-14,-0.04131325495185388,-0.04171325495185388
2015-09-15,-0.05450031994545674,-0.05450031994545674
2015-09-16,0.06266515494497359,0.06266515494497359
2015-09-17,-0.020480575591946864,-0.020480575591946864
2015-09-18,0.002524853364454184,0.002524853364454184
2015-09-21,0.03181807445546381,0.031484741122130476
2015-09-22,0.010997278816337988,0.010997278816337988
2015-09-23,-0.02437575291865437,-0.02437575291865437
2015-09-24,0.012203980563003385,0.012203980563003385
2015-09-25,-0.03298952733782696,-0.03298952733782696
2015-09-28,0.008529467281575952,0.008229467281575953
2015-09-29,-0.03202159403869682,-0.03202159403869682
2015-09-30,0.01081232761045552,0.01081232761045552
2015-10-08,0.04076116570591625,0.04076116570591625
2015-10-09,0.010296942832044204,0.010296942832044204
2015-10-12,0.04454788476350407,0.04403175573124601
2015-10-13,-0.0032423644344533368,-0.0032423644344533368
2015-10-14,-0.016910295530316,-0.016910295530316
2015-10-15,0.029197302416477687,0.029197302416477687
2015-10-16,0.015655938524284655,0.015655938524284655
2015-10-19,0.00731261081460008,0.00695777210492266
2015-10-20,0.02220860790721806,0.02220860790721806
2015-10-21,-0.05713425913550565,-0.05713425913550565
2015-10-22,0.026004070455811417,0.026004070455811417
2015-10-23,0.010411620759281778,0.010411620759281778
2015-10-26,0.006468236009312833,0.0059994860093128335
2015-10-27,0.007336526932037276,0.007336526932037276
2015-10-28,-0.028465496399455635,-0.028465496399455635
2015-10-29,0.005052514572760292,0.005052514572760292
2015-10-30,-0.009316508170306345,-0.009316508170306345
2015-11-02,-0.021368736891206604,-0.021691317536367896
2015-11-03,-0.005210517126187334,-0.005210517126187334
2015-11-04,0.05132914251238825,0.05132914251238825
2015-11-05,0.020318933325628886,0.020318933325628886
2015-11-06,0.019397654204454422,0.019397654204454422
2015-11-09,0.012803063442951736,0.012480482797790446
2015-11-10,0.006148136165306417,0.006148136165306417
2015-11-11,0.0005316453685488039,0.0005316453685488039
2015-11-12,-0.01704297614757968,-0.01704297614757968
2015-11-13,-0.018265474051441608,-0.018265474051441608
2015-11-16,0.013205027947543583,0.012688898915285518
2015-11-17,-0.009611582811629969,-0.009611582811629969
2015-11-18,-0.02410278172727346,-0.02410278172727346
2015-11-19,0.025166765935387338,0.025166765935387338
2015-11-20,-0.0005916654864082868,-0.0005916654864082868
2015-11-23,-0.0023236752303788244,-0.0026462558755401145
2015-11-24,0.004260334415757562,0.004260334415757562
2015-11-25,0.005835308469869309,0.005835308469869309
2015-11-26,-0.010013322526940137,-0.010013322526940137
2015-11-27,-0.07396509770009792,-0.07396509770009792
2015-11-30,-0.0022046929440754557,-0.00272082197633352
2015-12-01,0.0013472435811249155,0.0013472435811249155
2015-12-02,0.0206484566614291,0.0206484566614291
2015-12-03,0.011455831421441492,0.011455831421441492
2015-12-04,-0.014231697019786566,-0.014231697019786566
2015-12-07,0.008119792327379373,0.00786172781125034
2015-12-08,-0.030569770302195022,-0.030569770302195022
2015-12-09,0.002347343475312427,0.002347343475312427
2015-12-10,0.0006937277046287079,0.0006937277046287079
2015-12-11,-0.0016148619418622171,-0.0016148619418622171
2015-12-14,0.03725148983245844,0.03673536080020038
2015-12-15,-0.0009949877509969724,-0.0009949877509969724
2015-12-16,-0.0012300326288249505,-0.0012300326288249505
2015-12-17,0.024318466905183102,0.024318466905183102
2015-12-18,0.0009185631451973478,0.0009185631451973478
2015-12-21,0.016445909524053434,0.015994296620827627
2015-12-22,0.011958829217630017,0.011958829217630017
2015-12-23,-0.01428736191046282,-0.01428736191046282
2015-12-24,-0.013990556220872283,-0.013990556220872283
2015-12-25,-0.0020537603143597617,-0.0020537603143597617
2015-12-28,-0.029166866030566403,-0.029553962804759953
2015-12-29,0.006217697481441319,0.006217697481441319
2015-12-30,-0.006375924926465425,-0.006375924926465425
2015-12-31,-0.014702239254715642,-0.014702239254715642
2016-01-04,-0.09088437068910647,-0.09088437068910647
2016-01-05,-0.000617014277661215,-0.0011976594389515377
2016-01-06,0.02808258661332766,0.02808258661332766
2016-01-07,-0.09145635865290788,-0.09145635865290788
2016-01-08,0.01642918158526731,0.01642918158526731
2016-01-11,-0.06070320404781446,-0.06070320404781446
2016-01-12,0.007336770034919799,0.006852899067177864
2016-01-13,-0.03042458370994034,-0.03042458370994034
2016-01-14,0.03225483030494687,0.03225483030494687
2016-01-15,-0.04515730093331394,-0.04515730093331394
2016-01-18,0.016393352808531384,0.016393352808531384
2016-01-19,0.03794326518602323,0.0374099318526899
2016-01-20,-0.016342090935717615,-0.016342090935717615
2016-01-21,-0.03945093119601036,-0.03945093119601036
2016-01-22,0.016103694619864627,0.016103694619864627
2016-01-25,0.0013864077400619552,0.0013864077400619552
2016-01-26,-0.0743186653305967,-0.07478533199726337
2016-01-27,-0.00628770787153322,-0.00628770787153322
2016-01-28,-0.04351376266891327,-0.04351376266891327
2016-01-29,0.03984964131803553,0.03984964131803553
2016-02-01,-0.025301640251153206,-0.025301640251153206
2016-02-02,0.02752279674554032,0.027056130078873652
2016-02-03,-0.008501812154473,-0.008501812154473
2016-02-04,0.01726704643415203,0.01726704643415203
2016-02-05,-0.013091691683287313,-0.013091691683287313
2016-02-15,-0.005639834240784415,-0.005639834240784415
2016-02-16,0.04972990443205986,0.04886323776539319
2016-02-17,0.012758517188503148,0.012758517188503148
2016-02-18,-0.009913960758464095,-0.009913960758464095
2016-02-19,0.0008919285170092831,0.0008919285170092831
2016-02-22,0.029278549665565888,0.029278549665565888
2016-02-23,-0.0013551363660122447,-0.001926564937440816
2016-02-24,0.013795660439898516,0.013795660439898516
2016-02-25,-0.08131821552880251,-0.08131821552880251
2016-02-26,0.012182769284234287,0.012182769284234287
2016-02-29,-0.04203193482122297,-0.04203193482122297
2016-03-01,0.03338520806376054,0.03288520806376054
2016-03-02,0.04989737862908665,0.04989737862908665
2016-03-03,-0.003212206375341497,-0.003212206375341497
2016-03-04,-0.01075870712290913,-0.01075870712290913
2016-03-07,0.020077314055382368,0.020077314055382368
2016-03-08,0.005540274219218075,0.0050564032514761395
2016-03-09,-0.03155081446254936,-0.03155081446254936
2016-03-10,-0.02258370741912428,-0.02258370741912428
2016-03-11,-0.00037055360030134853,-0.00037055360030134853
2016-03-14,0.029686154160561494,0.029686154160561494
2016-03-15,-0.012945217238546362,-0.013511883905213028
2016-03-16,0.0008148579986719479,0.0008148579986719479
2016-03-17,0.021890967693306777,0.021890967693306777
2016-03-18,0.029958961270478746,0.029958961270478746
2016-03-21,0.02521924173837931,0.02521924173837931
2016-03-22,-0.0010490674611028277,-0.0016007915990338623
2016-03-23,0.006700986325919313,0.006700986325919313
2016-03-24,-0.022082322238328376,-0.022082322238328376
2016-03-25,-0.001986376324959096,-0.001986376324959096
2016-03-28,-0.010227037477509728,-0.010227037477509728
2016-03-29,-0.011539107120505541,-0.01221652647534425
2016-03-30,0.029368641065482055,0.029368641065482055
2016-03-31,-0.0028828091636576036,-0.0028828091636576036
2016-04-01,-0.005773701663253785,-0.005773701663253785
2016-04-05,0.024834060036917217,0.024834060036917217
2016-04-06,-0.006564647228737901,-0.007220897228737901
2016-04-07,-0.018833380794596576,-0.018833380794596576
2016-04-08,-0.012392891002524782,-0.012392891002524782
2016-04-11,0.01803160247049133,0.01803160247049133
2016-04-12,-0.008522968169959712,-0.008522968169959712
2016-04-13,0.015811792107010315,0.015387549682767891
2016-04-14,0.004890163852697786,0.004890163852697786
2016-04-15,-0.006331624829483066,-0.006331624829483066
2016-04-18,-0.02028270346218544,-0.02028270346218544
2016-04-19,0.008403859535979837,0.008403859535979837
2016-04-20,-0.038968172541447084,-0.0394833240565986
2016-04-21,-0.011281195323727735,-0.011281195323727735
2016-04-22,-0.0005899584541589403,-0.0005899584541589403
2016-04-25,-0.01009517175130769,-0.01009517175130769
2016-04-26,0.007985045950049981,0.007985045950049981
2016-04-27,-0.009432893170014962,-0.009964143170014962
2016-04-28,-0.0005767226573552273,-0.0005767226573552273
2016-04-29,-0.004382631184039527,-0.004382631184039527
2016-05-03,0.024533644158811655,0.024533644158811655
2016-05-04,-0.0007969042470560495,-0.0007969042470560495
2016-05-05,0.002010265732477003,0.001616326338537609
2016-05-06,-0.035957966783752314,-0.035957966783752314
2016-05-09,-0.031198088619425263,-0.031198088619425263
2016-05-10,0.0030996204896379556,0.0030996204896379556
2016-05-11,0.008964050417338559,0.008964050417338559
2016-05-12,0.006905154024852487,0.006311404024852488
2016-05-13,-0.008986366443634063,-0.008986366443634063
2016-05-16,0.01395982494412808,0.01395982494412808
2016-05-17,-0.0058330136959156365,-0.0058330136959156365
2016-05-18,-0.017926139666197206,-0.017926139666197206
2016-05-19,0.006987289788350262,0.006623653424713898
2016-05-20,0.01003816393463875,0.01003816393463875
2016-05-23,0.006112913312881303,0.006112913312881303
2016-05-24,-0.004950884562587854,-0.004950884562587854
2016-05-25,-0.006913382944102531,-0.006913382944102531
2016-05-26,0.006443511107622488,0.005958662622774003
2016-05-27,-0.0025996002818075466,-0.0025996002818075466
2016-05-30,-0.003074170619925547,-0.003074170619925547
2016-05-31,0.04954713370559884,0.04954713370559884
2016-06-01,0.0041736847515252105,0.0041736847515252105
2016-06-02,0.006344492619245064,0.005677825952578397
2016-06-03,0.002312672547584534,0.002312672547584534
2016-06-06,-0.007097239216038402,-0.007097239216038402
2016-06-07,-0.005181597464626247,-0.005181597464626247
2016-06-08,-0.005825475625269682,-0.005825475625269682
2016-06-13,-0.0544150375618475,-0.05489890852958943
2016-06-14,-0.004465679967034351,-0.004465679967034351
2016-06-15,0.03022997998190344,0.03022997998190344
2016-06-16,-0.009755409391002041,-0.009755409391002041
2016-06-17,0.007136073620936689,0.007136073620936689
2016-06-20,-0.001853671028903515,-0.002384921028903515
2016-06-21,-0.005904321976633854,-0.005904321976633854
2016-06-22,0.01257699726843966,0.01257699726843966
2016-06-23,-0.010762469352936444,-0.010762469352936444
2016-06-24,-0.0019122778517090906,-0.0019122778517090906
2016-06-27,0.016971174423111836,0.016486325938263352
2016-06-28,0.007007442561015389,0.007007442561015389
2016-06-29,0.008158870605791717,0.008158870605791717
2016-06-30,0.0011399438609742414,0.0011399438609742414
2016-07-01,-0.005261333857004311,-0.005261333857004311
2016-07-04,0.02001906295708115,0.01980694174495994
2016-07-05,0.002587789049635821,0.002587789049635821
2016-07-06,0.00844119452573873,0.00844119452573873
2016-07-07,0.005236414865351459,0.005236414865351459
2016-07-08,-0.0066517646129808814,-0.0066517646129808814
2016-07-11,0.011621497740345002,0.011090247740345002
2016-07-12,0.012269661410964236,0.012269661410964236
2016-07-13,0.01155804198472066,0.01155804198472066
2016-07-14,-0.00570116345514345,-0.00570116345514345
2016-07-15,-0.0016849022565508746,-0.0016849022565508746
2016-07-18,-0.004454761261179951,-0.005003148357954144
2016-07-19,0.0015772950766887604,0.0015772950766887604
2016-07-20,-0.005378113001061439,-0.005378113001061439
2016-07-21,0.000470733463855343,0.000470733463855343
2016-07-22,0.0010517807254873913,0.0010517807254873913
2016-07-25,-0.0006460387260686012,-0.0008335387260686013
2016-07-26,0.013184828567437532,0.013184828567437532
2016-07-27,-0.03731488307601413,-0.03731488307601413
2016-07-28,-0.005423856851768382,-0.005423856851768382
2016-07-29,-0.014217304106247147,-0.014217304106247147
2016-08-01,-0.01376548485167346,-0.014077984851673461
2016-08-02,0.0079282902189668,0.0079282902189668
2016-08-03,0.006699437743841369,0.006699437743841369
2016-08-04,0.006868176495936596,0.006868176495936596
2016-08-05,0.0014394376168564193,0.0014394376168564193
2016-08-08,0.007264889161093714,0.006796139161093714
2016-08-09,0.017053344072985196,0.017053344072985196
2016-08-10,-0.003982125991598094,-0.003982125991598094
2016-08-11,-0.009902709629233062,-0.009902709629233062
2016-08-12,0.017563549573426023,0.017563549573426023
2016-08-15,0.03870168137502781,0.03831458460083426
2016-08-16,0.007255377882355381,0.007255377882355381
2016-08-17,0.002205405519461212,0.002205405519461212
2016-08-18,0.0012927769964616721,0.0012927769964616721
2016-08-19,0.004411743848966795,0.004411743848966795
2016-08-22,-0.01801063144545323,-0.018343964778786564
2016-08-23,-0.007794659937512917,-0.007794659937512917
2016-08-24,-0.0021877875981203927,-0.0021877875981203927
2016-08-25,-0.01717941747766245,-0.01717941747766245
2016-08-26,0.0012512094453546606,0.0012512094453546606
2016-08-29,0.005729519873785176,0.005354519873785176
2016-08-30,-0.0017595524063337995,-0.0017595524063337995
2016-08-31,0.00904166941187909,0.00904166941187909
2016-09-01,-0.012338314598678377,-0.012338314598678377
2016-09-02,0.008336712289080837,0.008336712289080837
2016-09-05,0.0061719285175582846,0.005640678517558284
2016-09-06,0.013856905275426781,0.013856905275426781
2016-09-07,-0.006245755299066583,-0.006245755299066583
2016-09-08,-0.003889394867666889,-0.003889394867666889
2016-09-09,-0.005023561399489098,-0.005023561399489098
2016-09-12,-0.02551054147175634,-0.025874177835392705
2016-09-13,0.007066685926449108,0.007066685926449108
2016-09-14,0.0010083080931567482,0.0010083080931567482
2016-09-19,0.010643153707584667,0.010643153707584667
2016-09-20,-0.0067249321031068844,-0.0067249321031068844
2016-09-21,0.004839137498691489,0.004445198104752095
2016-09-22,0.011126951294319504,0.011126951294319504
2016-09-23,-0.015307157494570166,-0.015307157494570166
2016-09-26,-0.024052348585124454,-0.024052348585124454
2016-09-27,0.011723503988529184,0.011723503988529184
2016-09-28,-0.007716755791018542,-0.008083422457685209
2016-09-29,0.001765337307689557,0.001765337307689557
2016-09-30,0.002239166536562825,0.002239166536562825
2016-10-10,0.022025274640628912,0.022025274640628912
2016-10-11,0.008065710130062369,0.008065710130062369
2016-10-12,0.0008856000400178903,0.00011140649163079357
2016-10-13,0.0033722854305569473,0.0033722854305569473
2016-10-14,0.0033279889348102423,0.0033279889348102423
2016-10-17,-0.008220764919993155,-0.008220764919993155
2016-10-18,0.01723101394412886,0.01723101394412886
2016-10-19,-0.0016865358195538782,-0.0021704067872958138
2016-10-20,-0.0017957047768482229,-0.0017957047768482229
2016-10-21,0.0017072454979618619,0.0017072454979618619
2016-10-24,0.006708521748596242,0.006708521748596242
2016-10-25,0.0006910298454386692,0.0006910298454386692
2016-10-26,-0.0060405910894807575,-0.006478091089480758
2016-10-27,-0.006143657661576945,-0.006143657661576945
2016-10-28,-0.012446457554345227,-0.012446457554345227
2016-10-31,-0.003628390710919871,-0.003628390710919871
2016-11-01,0.010098535407334354,0.010098535407334354
2016-11-02,-0.010554748114873301,-0.010804748114873301
2016-11-03,0.01437138149638669,0.01437138149638669
2016-11-04,-0.0025762697987435166,-0.0025762697987435166
2016-11-07,0.000365162487348114,0.000365162487348114
2016-11-08,0.003111192264595242,0.003111192264595242
2016-11-09,-0.005704718680589207,-0.006079718680589207
2016-11-10,0.008719351636404905,0.008719351636404905
2016-11-11,0.009222305252122304,0.009222305252122304
2016-11-14,0.006867545145454556,0.006867545145454556
2016-11-15,0.0009314044013206002,0.0009314044013206002
2016-11-16,0.004556088810489573,0.0041810888104895725
2016-11-17,0.004425004386408234,0.004425004386408234
2016-11-18,-0.007258388938057723,-0.007258388938057723
2016-11-21,0.0057471607783384565,0.0057471607783384565
2016-11-22,0.01385827069861757,0.01385827069861757
2016-11-23,-0.0008784463573511203,-0.0011284463573511204
2016-11-24,-0.0011125654033787692,-0.0011125654033787692
2016-11-25,0.006886739748769285,0.006886739748769285
2016-11-28,0.013034312233551022,0.013034312233551022
2016-11-29,0.00020040132256130875,0.00020040132256130875
2016-11-30,0.0007977260137535766,0.0004852260137535766
2016-12-01,0.011557800091021754,0.011557800091021754
2016-12-02,-0.017091883114160888,-0.017091883114160888
2016-12-05,-0.025218115560009285,-0.025218115560009285
2016-12-06,-0.009877330723220742,-0.009877330723220742
2016-12-07,0.010025407919218311,0.00971290791921831
2016-12-08,-0.008452119243586909,-0.008452119243586909
2016-12-09,0.006425499892075142,0.006425499892075142
2016-12-12,-0.047244704092320886,-0.047244704092320886
2016-12-13,0.009557202316026303,0.009557202316026303
2016-12-14,-0.017233497375747916,-0.017545997375747916
2016-12-15,0.0014831966882232746,0.0014831966882232746
2016-12-16,0.0018929311672853915,0.0018929311672853915
2016-12-19,-0.007061287098922642,-0.007061287098922642
2016-12-20,-0.0042914032738573926,-0.0042914032738573926
2016-12-21,0.016481851235113858,0.016013101235113857
2016-12-22,0.0025128394270835025,0.0025128394270835025
2016-12-23,-0.015246001262290525,-0.015246001262290525
2016-12-26,0.0032363518403081943,0.0032363518403081943
2016-12-27,-0.0036402636168812812,-0.0036402636168812812
2016-12-28,-0.00571085798931354,-0.0062269870215716045
2016-12-29,-0.009413122123313106,-0.009413122123313106
2016-12-30,-0.007885376754096033,-0.007885376754096033
2017-01-03,0.011635227329438,0.011635227329438
2017-01-04,0.013365942117694858,0.013365942117694858
2017-01-05,0.0018419794370120035,0.001261334275721681
2017-01-06,-0.008255281982624024,-0.008255281982624024
2017-01-09,0.010090981734727934,0.010090981734727934
2017-01-10,-0.004655559725835877,-0.004655559725835877
2017-01-11,-0.015585151482458067,-0.015585151482458067
2017-01-12,-0.006606894180203336,-0.006929474825364626
2017-01-13,-0.009519564795538562,-0.009519564795538562
2017-01-16,-0.01820928758709447,-0.01820928758709447
2017-01-17,0.009239830249360183,0.009239830249360183
2017-01-18,-0.0007551381989161508,-0.0007551381989161508
2017-01-19,-0.0060412210012322255,-0.006492833904458032
2017-01-20,0.013557367514372162,0.013557367514372162
2017-01-23,0.006715416093733195,0.006715416093733195
2017-01-24,-0.0027590306537863614,-0.0027590306537863614
2017-01-25,0.006344415091137706,0.006344415091137706
2017-01-26,0.0035283941272920057,0.002947748966001683
2017-02-03,-0.010493238988090195,-0.010493238988090195
2017-02-06,0.002481666914284625,0.002481666914284625
2017-02-07,-0.00058007058581686,-0.00058007058581686
2017-02-08,0.0076690984577647186,0.0076690984577647186
2017-02-09,0.004989393067783354,0.004408747906493032
2017-02-10,0.0074784730632727016,0.0074784730632727016
2017-02-13,0.006498366239586635,0.006498366239586635
2017-02-14,0.0013966148821198663,0.0013966148821198663
2017-02-15,-0.0052565209496456804,-0.0052565209496456804
2017-02-16,0.00900637322373748,0.008490244191479415
2017-02-17,-0.007291889159553876,-0.007291889159553876
2017-02-20,0.012843605057479963,0.012843605057479963
2017-02-21,0.005948148385553446,0.005948148385553446
2017-02-22,0.0019794333462749983,0.0019794333462749983
2017-02-23,0.0012095671669720793,0.0005966639411656277
2017-02-24,0.00029433941803432977,0.00029433941803432977
2017-02-27,-0.0073187429012840305,-0.0073187429012840305
2017-02-28,0.007483481153772732,0.007483481153772732
2017-03-01,0.006751990168590764,0.006751990168590764
2017-03-02,-0.011726157159488623,-0.012226157159488623
2017-03-03,-0.007682968761806523,-0.007682968761806523
2017-03-06,0.009108272659343612,0.009108272659343612
2017-03-07,-0.0019178493519117644,-0.0019178493519117644
2017-03-08,-0.003094417061358959,-0.003094417061358959
2017-03-09,-0.006979075610983983,-0.007260325610983984
2017-03-10,0.004027059431890297,0.004027059431890297
2017-03-13,0.0075514227301343535,0.0075514227301343535
2017-03-14,-0.0016157887656512422,-0.0016157887656512422
2017-03-15,0.003562137325451359,0.003562137325451359
2017-03-16,0.0069327794841098755,0.0065779407744324565
2017-03-17,-0.009549940248567453,-0.009549940248567453
2017-03-20,0.0011679575287012632,0.0011679575287012632
2017-03-21,-0.000696796011046908,-0.000696796011046908
2017-03-22,-0.007138241619336414,-0.007138241619336414
2017-03-23,0.003975832679527766,0.003600832679527766
2017-03-24,0.009363087351123716,0.009363087351123716
2017-03-27,-0.0054311918748707185,-0.0054311918748707185
2017-03-28,0.0015436599946149021,0.0015436599946149021
2017-03-29,-0.0017717779258544946,-0.0017717779258544946
2017-03-30,-0.016213576722276957,-0.016369826722276958
2017-03-31,0.008871536911653436,0.008871536911653436
2017-04-05,0.016912186991937306,0.016912186991937306
2017-04-06,0.0010038714166188305,0.0010038714166188305
2017-04-07,0.0010004523538042227,0.0010004523538042227
2017-04-10,-0.0036857941110162522,-0.004589019917467865
2017-04-11,0.02586819062071389,0.02586819062071389
2017-04-12,-0.011604923354213707,-0.011604923354213707
2017-04-13,0.014680259412536718,0.014680259412536718
2017-04-14,-0.012277845451608415,-0.012277845451608415
2017-04-17,-0.016249738356320726,-0.016507802872449757
2017-04-18,-0.010387378817442307,-0.010387378817442307
2017-04-19,-0.00986612136420194,-0.00986612136420194
2017-04-20,-0.01805064920329853,-0.01805064920329853
2017-04-21,-0.00767836497713155,-0.00767836497713155
2017-04-24,-0.02570129639202885,-0.026185167359770785
2017-04-25,0.008507963554474933,0.008507963554474933
2017-04-26,0.014767556473062292,0.014767556473062292
2017-04-27,-0.0010616706348662449,-0.0010616706348662449
2017-04-28,0.012978360251029187,0.012978360251029187
2017-05-02,0.006878002755530818,0.006596752755530818
2017-05-03,-0.01850374824648632,-0.01850374824648632
2017-05-04,-0.0004946764909851145,-0.0004946764909851145
2017-05-05,-0.016363193126171054,-0.016363193126171054
2017-05-08,-0.03303682484554572,-0.03303682484554572
2017-05-09,0.005265579706736155,0.004901943343099791
2017-05-10,-0.025568210318428028,-0.025568210318428028
2017-05-11,0.012225448230861028,0.012225448230861028
2017-05-12,0.004843580032705796,0.004843580032705796
2017-05-15,-0.0032906922967941956,-0.0032906922967941956
2017-05-16,0.030863053527724418,0.030499417164088053
2017-05-17,0.006802363931459364,0.006802363931459364
2017-05-18,-0.00936100401435662,-0.00936100401435662
2017-05-19,-0.003547849542456772,-0.003547849542456772
2017-05-22,-0.018598715673107617,-0.018598715673107617
2017-05-23,-0.019165930397462297,-0.019771991003522903
2017-05-24,0.009196816214083576,0.009196816214083576
2017-05-25,0.015016262312712901,0.015016262312712901
2017-05-26,0.0009624938237198696,0.0009624938237198696
2017-05-31,0.003448737954169059,0.003448737954169059
2017-06-01,-0.014540507890922394,-0.015146568496983
2017-06-02,0.005865384183146467,0.005865384183146467
2017-06-05,-0.00024720053808538657,-0.00024720053808538657
2017-06-06,0.0015556638348818515,0.0015556638348818515
2017-06-07,0.019882486721167825,0.019882486721167825
2017-06-08,0.0005299314302135424,0.00019659809688020907
2017-06-09,-0.0014147003217224938,-0.0014147003217224938
2017-06-12,-0.003745622105071613,-0.003745622105071613
2017-06-13,0.008822471279471838,0.008822471279471838
2017-06-14,-0.011808509760734736,-0.011808509760734736
2017-06-15,0.007154060993563802,0.006683472758269684
2017-06-16,-0.005623654888351486,-0.005623654888351486
2017-06-19,0.006704813375636136,0.006704813375636136
2017-06-20,0.002827944496480739,0.002827944496480739
2017-06-21,0.010658147109749893,0.010658147109749893
2017-06-22,-0.011089966516893202,-0.011619378281599084
2017-06-23,0.00901742596405584,0.00901742596405584
2017-06-26,0.020765026056120645,0.020765026056120645
2017-06-27,-0.0008704634276144716,-0.0008704634276144716
2017-06-28,-0.00871663009505953,-0.00871663009505953
2017-06-29,0.005730241613874864,0.0053552416138748634
2017-06-30,-0.005328744521706111,-0.005328744521706111
2017-07-03,-0.001924850004039925,-0.001924850004039925
2017-07-04,-0.0076816331220933695,-0.0076816331220933695
2017-07-05,0.009415050722454299,0.009415050722454299
2017-07-06,-0.007435914327610103,-0.007717164327610103
2017-07-07,0.0018858464127429603,0.0018858464127429603
2017-07-10,0.000606566894523875,0.000606566894523875
2017-07-11,-0.00633229340647909,-0.00633229340647909
2017-07-12,0.0006650129414213969,0.0006650129414213969
2017-07-13,-0.004568457469339849,-0.004841184742067121
2017-07-14,-0.002534614064989448,-0.002534614064989448
2017-07-17,-0.04070817269649151,-0.04070817269649151
2017-07-18,0.008849864058515405,0.008849864058515405
2017-07-19,0.01871928874691239,0.01871928874691239
2017-07-20,0.014292622441671407,0.013939681265200819
2017-07-21,-0.0018305175123029547,-0.0018305175123029547
2017-07-24,0.0005041797321489397,0.0005041797321489397
2017-07-25,-0.005033932759827228,-0.005033932759827228
2017-07-26,0.0008529187001552267,0.0008529187001552267
2017-07-27,0.025012839103660957,0.02465989792719037
2017-07-28,0.01444812570929409,0.01444812570929409
2017-07-31,0.021584707553801905,0.021584707553801905
2017-08-01,0.002055539120627353,0.002055539120627353
2017-08-02,-4.170931962928908e-06,-4.170931962928908e-06
2017-08-03,0.002023818706811814,0.0017297010597529905
2017-08-04,-0.01877267307056808,-0.01877267307056808
2017-08-07,0.007895187159714196,0.007895187159714196
2017-08-08,0.009008234883015002,0.009008234883015002
2017-08-09,-0.0032608367826591628,-0.0032608367826591628
2017-08-10,-0.010256933142709349,-0.010609874319179938
2017-08-11,-0.04025859084160307,-0.04025859084160307
2017-08-14,0.034044044087247136,0.034044044087247136
2017-08-15,0.008550290983322835,0.008550290983322835
2017-08-16,-0.004053391509372747,-0.004053391509372747
2017-08-17,0.010184093392317843,0.009919387509964902
2017-08-18,-0.008671611277071245,-0.008671611277071245
2017-08-21,0.018645345717538384,0.018645345717538384
2017-08-22,0.004284233755367494,0.004284233755367494
2017-08-23,-0.018277526658254224,-0.018277526658254224
2017-08-24,-0.008826207010883857,-0.00912923731391416
2017-08-25,0.017751160137490483,0.017751160137490483
2017-08-28,0.0135764205530722,0.0135764205530722
2017-08-29,-0.005979063280125309,-0.005979063280125309
2017-08-30,0.005035018388671666,0.005035018388671666
2017-08-31,0.0007835403150041121,0.0004199039513677484
2017-09-01,0.008516832597396806,0.008516832597396806
2017-09-04,0.0028003958485821466,0.0028003958485821466
2017-09-05,-0.0036470718648008976,-0.0036470718648008976
2017-09-06,0.0048298248301290305,0.0048298248301290305
2017-09-07,-0.01034598689622093,-0.010649017199251234
2017-09-08,-0.004026896575994294,-0.004026896575994294
2017-09-11,0.012010282546827135,0.012010282546827135
2017-09-12,-0.004891525178686554,-0.004891525178686554
2017-09-13,0.0027083169832033635,0.0027083169832033635
2017-09-14,-0.007023604282657748,-0.007447846706900172
2017-09-15,-0.002076585509359901,-0.002076585509359901
2017-09-18,0.013313669353503534,0.013313669353503534
2017-09-19,-0.005431593414042111,-0.005431593414042111
2017-09-20,0.009277495284139356,0.009277495284139356
2017-09-21,-0.01443551946044916,-0.014859761884691585
2017-09-22,-0.012545062511708359,-0.012545062511708359
2017-09-25,-0.01693813578999893,-0.01693813578999893
2017-09-26,0.01633934839601901,0.01633934839601901
2017-09-27,0.008835606913774548,0.008835606913774548
2017-09-28,-0.0028871814887355173,-0.003250817852371881
2017-09-29,0.0017286609787549427,0.0017286609787549427
2017-10-09,0.0178333065205588,0.0178333065205588
2017-10-10,-0.001966313598683571,-0.001966313598683571
2017-10-11,-0.006429124160157221,-0.006429124160157221
2017-10-12,-0.0030214332350766006,-0.0036274938411372066
2017-10-13,0.005200837480830821,0.005200837480830821
2017-10-16,-0.0071291223618262884,-0.0071291223618262884
2017-10-17,-0.00316439816744449,-0.00316439816744449
2017-10-18,-0.005944800164786202,-0.005944800164786202
2017-10-19,-0.01623640685576457,-0.01653943715879487
2017-10-20,0.01240769604600397,0.01240769604600397
2017-10-23,0.005323985793404809,0.005323985793404809
2017-10-24,0.004474740459446146,0.004474740459446146
2017-10-25,0.005256091689824963,0.005256091689824963
2017-10-26,0.010910994681153259,0.010607964378122956
2017-10-27,0.0030692348994784276,0.0030692348994784276
2017-10-30,-0.013778280669042756,-0.013778280669042756
2017-10-31,0.00939188591158893,0.00939188591158893
2017-11-01,-0.0016754901801895132,-0.0016754901801895132
2017-11-02,-0.0017680948186260049,-0.0020105190610502474
2017-11-03,-0.006435946116223688,-0.006435946116223688
2017-11-06,0.019708978208395386,0.019708978208395386
2017-11-07,0.014621059213974958,0.014621059213974958
2017-11-08,0.00046705030437781494,0.00046705030437781494
2017-11-09,0.005379421087253609,0.005046087753920276
2017-11-10,-0.0008447649208974441,-0.0008447649208974441
2017-11-13,0.004562478594872253,0.004562478594872253
2017-11-14,-0.010111808916287258,-0.010111808916287258
2017-11-15,-0.014730911222836585,-0.014730911222836585
2017-11-16,0.005409079874683364,0.005034079874683363
2017-11-17,-0.020139360356397525,-0.020139360356397525
2017-11-20,0.009150038763334211,0.009150038763334211
2017-11-21,0.015588215512243509,0.015588215512243509
2017-11-22,-6.11190057367136e-05,-6.11190057367136e-05
2017-11-23,-0.03604550660897153,-0.03642050660897153
2017-11-24,-0.006534633469493657,-0.006534633469493657
2017-11-27,-0.025707581137178352,-0.025707581137178352
2017-11-28,0.017261441999784483,0.017261441999784483
2017-11-29,-0.0037210238885483716,-0.0037210238885483716
2017-11-30,-0.012665088431894468,-0.013102588431894468
2017-12-01,0.005646512794088931,0.005646512794088931
2017-12-04,0.0005965710763735713,0.0005965710763735713
2017-12-05,-0.016403544263308593,-0.016403544263308593
2017-12-06,0.008410667196348375,0.008410667196348375
2017-12-07,-0.014778422956072878,-0.015278422956072879
2017-12-08,0.008638762996215039,0.008638762996215039
2017-12-11,0.02234585211580201,0.02234585211580201
2017-12-12,-0.013306460153823736,-0.013306460153823736
2017-12-13,0.008774427315256099,0.008774427315256099
2017-12-14,-0.0024085110293465386,-0.0028772610293465385
2017-12-15,-0.015407475931713628,-0.015407475931713628
2017-12-18,-0.011984544794013037,-0.011984544794013037
2017-12-19,0.01109143921201876,0.01109143921201876
2017-12-20,-0.005558674522424996,-0.005558674522424996
2017-12-21,0.013128698771912584,0.012773860062235165
2017-12-22,-0.00013797764061002383,-0.00013797764061002383
2017-12-25,-0.007636603245660245,-0.007636603245660245
2017-12-26,0.0013214526490617465,0.0013214526490617465
2017-12-27,-0.003946219580617273,-0.003946219580617273
2017-12-28,0.008896914605996646,0.008584414605996646
2017-12-29,0.0014397571304567477,0.0014397571304567477
2018-01-02,0.013946678170923049,0.013946678170923049
2018-01-03,0.014857471676680887,0.014857471676680887
2018-01-04,0.0032128254469443035,0.0032128254469443035
2018-01-05,0.0017761608771714196,0.0014011608771714195
2018-01-08,0.004913667139805023,0.004913667139805023
2018-01-09,0.003603550293206781,0.003603550293206781
2018-01-10,-0.001043714259643625,-0.001043714259643625
2018-01-11,0.0035879426823933616,0.0035879426823933616
2018-01-12,-0.005528878229092985,-0.005716378229092985
2018-01-15,-0.01353059718491187,-0.01353059718491187
2018-01-16,0.013964461162560943,0.013964461162560943
2018-01-17,-0.015399503770655238,-0.015399503770655238
2018-01-18,-0.0010119337121664085,-0.0010119337121664085
2018-01-19,-0.003632923919841386,-0.003882923919841386
2018-01-22,0.018445971959024022,0.018445971959024022
2018-01-23,0.005799528134937008,0.005799528134937008
2018-01-24,0.010348457766307929,0.010348457766307929
2018-01-25,-0.010055993122466023,-0.010055993122466023
2018-01-26,-0.0032650784284063397,-0.0036400784284063396
2018-01-29,-0.02073530711421237,-0.02073530711421237
2018-01-30,-0.01117106101376057,-0.01117106101376057
2018-01-31,-0.007588779193583288,-0.007588779193583288
2018-02-01,-0.026586424172901798,-0.026586424172901798
2018-02-02,0.0019831951374021076,0.0016706951374021075
2018-02-05,-0.004065037474350772,-0.004065037474350772
2018-02-06,-0.052602083563583826,-0.052602083563583826
2018-02-07,-0.01454202106291042,-0.01454202106291042
2018-02-08,0.007988731667729024,0.007988731667729024
2018-02-09,-0.048995107447186735,-0.049307607447186735
2018-02-12,0.02320782654769906,0.02320782654769906
2018-02-13,0.009335214502338983,0.009335214502338983
2018-02-14,0.009186561802924539,0.009186561802924539
2018-02-22,0.033316257288899004,0.033316257288899004
2018-02-23,0.010919714678869043,0.010294714678869043
2018-02-26,0.013534924086728302,0.013534924086728302
2018-02-27,-0.0146202492783469,-0.0146202492783469
2018-02-28,-0.0028713491099030446,-0.0028713491099030446
2018-03-01,0.005142104583727012,0.005142104583727012
2018-03-02,-0.008805859510452822,-0.009212109510452822
2018-03-05,0.0034681716340451167,0.0034681716340451167
2018-03-06,0.013188816779475815,0.013188816779475815
2018-03-07,-0.013078319963124653,-0.013078319963124653
2018-03-08,0.00252067829766587,0.00252067829766587
2018-03-09,0.01342566600507469,0.013167601488945658
2018-03-12,0.014234340349696527,0.014234340349696527
2018-03-13,-0.001323729058289388,-0.001323729058289388
2018-03-14,-0.008787850472848809,-0.008787850472848809
2018-03-15,0.004585601072123226,0.004585601072123226
2018-03-16,-0.013053823552071983,-0.013376404197233273
2018-03-19,0.0017626930888331555,0.0017626930888331555
2018-03-20,-0.003969684145047186,-0.003969684145047186
2018-03-21,-0.015369935988903925,-0.015369935988903925
2018-03-22,-0.007361915790197099,-0.007361915790197099
2018-03-23,-0.053268886188223286,-0.053526950704352316
2018-03-26,0.01306663136172948,0.01306663136172948
2018-03-27,0.0251728686038808,0.0251728686038808
2018-03-28,-0.020625222963326452,-0.020625222963326452
2018-03-29,0.01178167794441287,0.01178167794441287
2018-03-30,0.003335473730752565,0.0030128930855912745
2018-04-02,-0.005806357330280541,-0.005806357330280541
2018-04-03,-0.009215773918094906,-0.009215773918094906
2018-04-04,-0.004811969124447441,-0.004811969124447441
2018-04-09,-0.0038877143968477665,-0.0038877143968477665
2018-04-10,0.020624099147013727,0.02017248624378792
2018-04-11,-0.0013557835202949867,-0.0013557835202949867
2018-04-12,-0.017730547681557633,-0.017730547681557633
2018-04-13,-0.0024056130252537076,-0.0024056130252537076
2018-04-16,-0.015816134810928858,-0.015816134810928858
2018-04-17,-0.026219035382430336,-0.026606132156623885
2018-04-18,0.002571332405748254,0.002571332405748254
2018-04-19,0.02094659428508983,0.02094659428508983
2018-04-20,-0.02434336937494877,-0.02434336937494877
2018-04-23,0.003768907650115028,0.003768907650115028
2018-04-24,0.01896641469103765,0.018450285658779587
2018-04-25,-0.007865398136396485,-0.007865398136396485
2018-04-26,-0.03148628916971132,-0.03148628916971132
2018-04-27,0.005396536156487468,0.005396536156487468
2018-05-02,-0.0025142171503835173,-0.0025142171503835173
2018-05-03,0.00606336074509652,0.005482715583806198
2018-05-04,-0.002034588866371655,-0.002034588866371655
2018-05-07,0.023550304266075118,0.023550304266075118
2018-05-08,0.010182768951730117,0.010182768951730117
2018-05-09,-0.006474840711054465,-0.006474840711054465
2018-05-10,-0.0004999729781226031,-0.0008870697523161515
2018-05-11,-0.0017413708210184662,-0.0017413708210184662
2018-05-14,0.005330553253399095,0.005330553253399095
2018-05-15,0.008253163930887139,0.008253163930887139
2018-05-16,-0.0070953892415054325,-0.0070953892415054325
2018-05-17,-0.009220790432353314,-0.009607887206546862
2018-05-18,0.009184984441560375,0.009184984441560375
2018-05-21,0.009737556710923856,0.009737556710923856
2018-05-22,-0.0051155087404066175,-0.0051155087404066175
2018-05-23,-0.0165042003829211,-0.0165042003829211
2018-05-24,-0.0017191451145146962,-0.0021062418887082446
2018-05-25,-0.012235671636356419,-0.012235671636356419
2018-05-28,-0.0024238100067884363,-0.0024238100067884363
2018-05-29,-0.011237120528999108,-0.011237120528999108
2018-05-30,-0.03229210339093345,-0.03229210339093345
2018-05-31,0.021914498612393238,0.021656434096264207
2018-06-01,-0.014589996471132946,-0.014589996471132946
2018-06-04,0.004758859345566695,0.004758859345566695
2018-06-05,0.018728493834021424,0.018728493834021424
2018-06-06,0.001105203435862058,0.001105203435862058
2018-06-07,-0.0014735073532837698,-0.0019896363855418345
2018-06-08,-0.01763188596171136,-0.01763188596171136
2018-06-11,0.002434021160008398,0.002434021160008398
2018-06-12,0.0123964476210819,0.0123964476210819
2018-06-13,-0.012165184659391214,-0.012165184659391214
2018-06-14,-0.008232969308536585,-0.008845872534343036
2018-06-15,-0.00896909579499137,-0.00896909579499137
2018-06-19,-0.06033706461275878,-0.06033706461275878
2018-06-20,0.007149940631786296,0.007149940631786296
2018-06-21,-0.012564310532871197,-0.012564310532871197
2018-06-22,0.011173030484205992,0.010439697150872658
2018-06-25,-0.014090575605078445,-0.014090575605078445
2018-06-26,0.005042134967834891,0.005042134967834891
2018-06-27,-0.01890196932191588,-0.01890196932191588
2018-06-28,-0.013107413314623267,-0.013107413314623267
2018-06-29,0.030594566201477696,0.030094566201477695
2018-07-02,-0.03338468782510608,-0.03338468782510608
2018-07-03,0.00527051549431837,0.00527051549431837
2018-07-04,-0.014250973023518581,-0.014250973023518581
2018-07-05,-0.010677114484090061,-0.010677114484090061
2018-07-06,0.008732761522867508,0.008281148619641701
2018-07-09,0.031398893621896795,0.031398893621896795
2018-07-10,0.00666381234771766,0.00666381234771766
2018-07-11,-0.02094317022148383,-0.02094317022148383
2018-07-12,0.026521485289677602,0.026521485289677602
2018-07-13,0.0041047393370058005,0.003524094175715478
2018-07-16,0.0010419999675318062,0.0010419999675318062
2018-07-17,0.010167571557223169,0.010167571557223169
2018-07-18,-0.011303212633107665,-0.011303212633107665
2018-07-19,-0.0043917728973023136,-0.0043917728973023136
2018-07-20,0.01155120530768329,0.011228624662522
2018-07-23,0.017109110946578396,0.017109110946578396
2018-07-24,0.02100242884254607,0.02100242884254607
2018-07-25,-0.0063963436677052996,-0.0063963436677052996
2018-07-26,-0.009536866035132197,-0.009536866035132197
2018-07-27,-0.010348293104392689,-0.010864422136650754
2018-07-30,-0.01405497650011633,-0.01405497650011633
2018-07-31,0.0016419504611765979,0.0016419504611765979
2018-08-01,-0.02073445391773446,-0.02073445391773446
2018-08-02,-0.025650539009182887,-0.025650539009182887
2018-08-03,-0.026450594086660825,-0.02696672311891889
2018-08-06,-0.026216592951413847,-0.026216592951413847
2018-08-07,0.02650346776911795,0.02650346776911795
2018-08-08,-0.025565204066976842,-0.025565204066976842
2018-08-09,0.026532475659222683,0.026532475659222683
2018-08-10,0.0037962383255264855,0.0035704318739135823
2018-08-13,0.0020765549431567823,0.0020765549431567823
2018-08-14,-0.001896149494694566,-0.001896149494694566
2018-08-15,-0.028027792942738074,-0.028027792942738074
2018-08-16,-0.008438757918405008,-0.008438757918405008
2018-08-17,-0.014212935440573584,-0.014681685440573584
2018-08-20,0.00855669610852578,0.00855669610852578
2018-08-21,0.01798150280043712,0.01798150280043712
2018-08-22,-0.012791103870175392,-0.012791103870175392
2018-08-23,0.009664217604529781,0.009664217604529781
2018-08-24,-0.004600482434163929,-0.00524564372448651
2018-08-27,0.03011651167364778,0.03011651167364778
2018-08-28,0.005005706563563454,0.005005706563563454
2018-08-29,-0.009305941040387183,-0.009305941040387183
2018-08-30,-0.014226911334500839,-0.014226911334500839
2018-08-31,-0.011361779478110344,-0.012006940768432924
2018-09-03,-0.0054811911826811,-0.0054811911826811
2018-09-04,0.013070195804131211,0.013070195804131211
2018-09-05,-0.018865630351364217,-0.018865630351364217
2018-09-06,-0.01619843538368145,-0.01619843538368145
2018-09-07,0.0014654533559673472,0.0010138404527415407
2018-09-10,-0.020899445585628704,-0.020899445585628704
2018-09-11,-0.0020556154932505543,-0.0020556154932505543
2018-09-12,-0.00614440903850426,-0.00614440903850426
2018-09-13,0.010970630089454434,0.010970630089454434
2018-09-14,-0.0025529040685080295,-0.003004516971733836
2018-09-17,-0.022285838073769052,-0.022285838073769052
2018-09-18,0.025765009311400775,0.025765009311400775
2018-09-19,0.013310966666527396,0.013310966666527396
2018-09-20,0.0011484673809730953,0.0011484673809730953
2018-09-21,0.03216481121532326,0.03184223057016197
2018-09-25,-0.007811265107434845,-0.007811265107434845
2018-09-26,0.01319435010873127,0.01319435010873127
2018-09-27,-0.013400282909432707,-0.013400282909432707
2018-09-28,0.011541389888678444,0.011541389888678444
2018-10-08,-0.05956212530015897,-0.06020728659048155
2018-10-09,0.0015324167334852439,0.0015324167334852439
2018-10-10,-0.013306087713228422,-0.013306087713228422
2018-10-11,-0.07211471219325512,-0.07211471219325512
2018-10-12,0.0032215124360021477,0.0032215124360021477
2018-10-15,-0.013726003768148523,-0.014048584413309813
2018-10-16,-0.017625621935425165,-0.017625621935425165
2018-10-17,0.009108694410953879,0.009108694410953879
2018-10-18,-0.02763798429440842,-0.02763798429440842
2018-10-19,0.02669950558072134,0.02669950558072134
2018-10-22,0.0514342513150336,0.05111167066987231
2018-10-23,-0.03315059632754306,-0.03315059632754306
2018-10-24,-0.0033710537951003104,-0.0033710537951003104
2018-10-25,-0.009761341246687356,-0.009761341246687356
2018-10-26,0.003464762237288617,0.003464762237288617
2018-10-29,-0.031362669257109635,-0.031878798289367696
2018-10-30,0.003691729792896322,0.003691729792896322
2018-10-31,0.02129191112311989,0.02129191112311989
2018-11-01,0.01739366686281043,0.01739366686281043
2018-11-02,0.05493568495279212,0.05493568495279212
2018-11-05,-0.006463119941136962,-0.006914732844362768
2018-11-06,-0.01483229707364057,-0.01483229707364057
2018-11-07,0.00039976331843945674,0.00039976331843945674
2018-11-08,-0.011261453490644679,-0.011261453490644679
2018-11-09,-0.009248064942809976,-0.009248064942809976
2018-11-12,0.022826815523052733,0.022375202619826926
2018-11-13,0.015039161186070071,0.015039161186070071
2018-11-14,-0.006409342974380688,-0.006409342974380688
2018-11-15,0.010790775294989991,0.010790775294989991
2018-11-16,0.004264572579732844,0.004264572579732844
2018-11-19,0.008216449561719276,0.008022901174622501
2018-11-20,-0.02362210207762213,-0.02362210207762213
2018-11-21,-0.0037996512046424525,-0.0037996512046424525
2018-11-22,-0.0009242244730287944,-0.0009242244730287944
2018-11-23,-0.036480332730551256,-0.036480332730551256
2018-11-26,-0.004476573978684691,-0.004799154623845981
2018-11-27,0.004148641453946047,0.004148641453946047
2018-11-28,0.010071342771915195,0.010071342771915195
2018-11-29,-0.025211750284966312,-0.025211750284966312
2018-11-30,0.015226175982912852,0.015226175982912852
2018-12-03,0.03368280066026684,0.033231187757041036
2018-12-04,0.007091775989441422,0.007091775989441422
2018-12-05,0.0015120461571361062,0.0015120461571361062
2018-12-06,-0.021639130911970124,-0.021639130911970124
2018-12-07,-0.001576202933078845,-0.001576202933078845
2018-12-10,-0.013161970141173379,-0.013484550786334669
2018-12-11,0.00632239601548892,0.00632239601548892
2018-12-12,0.000725950975447394,0.000725950975447394
2018-12-13,0.011157877299916989,0.011157877299916989
2018-12-14,-0.023330115028666384,-0.023330115028666384
2018-12-17,0.0028556917594516123,0.002436336920741935
2018-12-18,-0.008996945958737155,-0.008996945958737155
2018-12-19,-0.016971020463112805,-0.016971020463112805
2018-12-20,-0.0027739342598590852,-0.0027739342598590852
2018-12-21,-0.0196090500565583,-0.0196090500565583
2018-12-24,0.005647028253157788,0.005147028253157788
2018-12-25,-0.00541800477917124,-0.00541800477917124
2018-12-26,-0.008499707710222437,-0.008499707710222437
2018-12-27,-0.004609808151385665,-0.004609808151385665
2018-12-28,0.005557515579676638,0.005557515579676638
2019-01-02,-0.020721342062839668,-0.02133424528864612
2019-01-03,-0.014418203649039108,-0.014418203649039108
2019-01-04,0.025822667716520416,0.025822667716520416
2019-01-07,0.013111680851860121,0.013111680851860121
2019-01-08,0.0019066149117020308,0.0019066149117020308
2019-01-09,0.015379189764772525,0.014879189764772524
2019-01-10,-0.0030246455476754426,-0.0030246455476754426
2019-01-11,0.0073774361730131145,0.0073774361730131145
2019-01-14,-0.013437365766651372,-0.013437365766651372
2019-01-15,0.013805665736680824,0.013805665736680824
2019-01-16,-0.004976848977428339,-0.005320598977428339
2019-01-17,-0.008005059141963713,-0.008005059141963713
2019-01-18,0.014249356042718814,0.014249356042718814
2019-01-21,0.013875973353831368,0.013875973353831368
2019-01-22,-0.015111149636923853,-0.015111149636923853
2019-01-23,-0.007979495458259463,-0.008237559974388495
2019-01-24,-0.0008935636877254498,-0.0008935636877254498
2019-01-25,0.006155263322827989,0.006155263322827989
2019-01-28,-0.012014990516888981,-0.012014990516888981
2019-01-29,-0.01381496445106462,-0.01381496445106462
2019-01-30,-0.014556834323225114,-0.014814898839354147
2019-01-31,0.0011874171633607742,0.0011874171633607742
2019-02-01,0.027593905074579143,0.027593905074579143
2019-02-11,0.03543350174235802,0.03543350174235802
2019-02-12,0.0228696971617613,0.0228696971617613
2019-02-13,0.033763496121805056,0.03311833483148247
2019-02-14,0.01149717314676754,0.01149717314676754
2019-02-15,-0.0020519660780304724,-0.0020519660780304724
2019-02-18,0.03997852991978575,0.03997852991978575
2019-02-19,0.0034041877992083535,0.0034041877992083535
2019-02-20,0.0019164554955448984,0.001593874850383608
2019-02-21,-0.0005644333344463052,-0.0005644333344463052
2019-02-22,0.026335367670607776,0.026335367670607776
2019-02-25,0.06310010346973378,0.06310010346973378
2019-02-26,0.00568408085921705,0.00568408085921705
2019-02-27,-0.008600603328212365,-0.00911673236047043
2019-02-28,-0.0021937142184447135,-0.0021937142184447135
2019-03-01,0.022883495029488794,0.022883495029488794
2019-03-04,0.014769260429038887,0.014769260429038887
2019-03-05,0.027953734951681332,0.027953734951681332
2019-03-06,0.024291640067936975,0.024033575551807945
2019-03-07,-0.0020905568546633222,-0.0020905568546633222
2019-03-08,-0.052909308799438025,-0.052909308799438025
2019-03-11,0.02582441117732877,0.02582441117732877
2019-03-12,0.019853626974473952,0.019853626974473952
2019-03-13,-0.024756438207094694,-0.025079018852255986
2019-03-14,-0.025250756446251556,-0.025250756446251556
2019-03-15,-4.284499085074889e-05,-4.284499085074889e-05
2019-03-18,0.023377310456596686,0.023377310456596686
2019-03-19,0.0034780676378525065,0.0034780676378525065
2019-03-20,0.0026153415121701606,0.0021637286089443543
2019-03-21,0.0064954348992664335,0.0064954348992664335
2019-03-22,-0.0092085009155358,-0.0092085009155358
2019-03-25,-0.024564940344852303,-0.024564940344852303
2019-03-26,-0.02763804901138045,-0.02763804901138045
2019-03-27,0.001051699899769123,0.0007291192546078327
2019-03-28,-0.007354957198859571,-0.007354957198859571
2019-03-29,0.03899202933619577,0.03899202933619577
2019-04-01,0.03647537589188781,0.03647537589188781
2019-04-02,0.010240816545680568,0.010240816545680568
2019-04-03,0.01539809868247154,0.015140034166342508
2019-04-04,0.008728728809538854,0.008728728809538854
2019-04-08,-0.004520793410829378,-0.004520793410829378
2019-04-09,0.0015962871235254178,0.0015962871235254178
2019-04-10,0.002502323956357472,0.002502323956357472
2019-04-11,-0.027074476946993158,-0.02739705759215445
2019-04-12,-0.001711572256057109,-0.001711572256057109
2019-04-15,-0.015206370223365904,-0.015206370223365904
2019-04-16,0.024668692904095794,0.024668692904095794
2019-04-17,0.009606366696725226,0.009606366696725226
2019-04-18,-0.007890657227510913,-0.008213237872672204
2019-04-19,0.012589565525703336,0.012589565525703336
2019-04-22,-0.01814408440109064,-0.01814408440109064
2019-04-23,-0.00625897451337146,-0.00625897451337146
2019-04-24,0.01069303345611815,0.01069303345611815
2019-04-25,-0.04090827829285161,-0.0412308589380129
2019-04-26,-0.01317467110467874,-0.01317467110467874
2019-04-29,-0.03523862854905789,-0.03523862854905789
2019-04-30,-0.012220104824595733,-0.012220104824595733
2019-05-06,-0.08530296022519118,-0.08530296022519118
2019-05-07,0.010210673377584118,0.009759060474358311
2019-05-08,-0.01775605965039308,-0.01775605965039308
2019-05-09,-0.018494537838865458,-0.018494537838865458
2019-05-10,0.038393750230924076,0.038393750230924076
2019-05-13,-0.027413719122948804,-0.027413719122948804
2019-05-14,-0.00747287616639948,-0.00779545681156077
2019-05-15,0.020411691944565723,0.020411691944565723
2019-05-16,0.002933340661221804,0.002933340661221804
2019-05-17,-0.027144850567331298,-0.027144850567331298
2019-05-20,-0.024231703572796248,-0.024231703572796248
2019-05-21,0.02422118433974604,0.023898603694584748
2019-05-22,-0.011536583738387285,-0.011536583738387285
2019-05-23,-0.02171152094231855,-0.02171152094231855
2019-05-24,-0.00995832109159058,-0.00995832109159058
2019-05-27,0.02194913549358265,0.02194913549358265
2019-05-28,0.004408723991203645,0.004086143346042355
2019-05-29,-0.0005184761173879336,-0.0005184761173879336
2019-05-30,-0.01089717491059296,-0.01089717491059296
2019-05-31,-0.00627216631645768,-0.00627216631645768
2019-06-03,-0.0028480205071793976,-0.0028480205071793976
2019-06-04,-0.016138559150318636,-0.01626759140838315
2019-06-05,-0.003028095124919206,-0.003028095124919206
2019-06-06,-0.023936602698608842,-0.023936602698608842
2019-06-10,0.013838354915745896,0.013838354915745896
2019-06-11,0.04189385989669134,0.04189385989669134
2019-06-12,-0.011415589758690978,-0.011641396210303882
2019-06-13,0.003316315609153586,0.003316315609153586
2019-06-14,-0.01984796087545634,-0.01984796087545634
2019-06-17,-0.005680796709707251,-0.005680796709707251
2019-06-18,0.0017326293802484346,0.0017326293802484346
2019-06-19,0.013934267676817115,0.013465517676817114
2019-06-20,0.032625492738259605,0.032625492738259605
2019-06-21,0.01242156849707317,0.01242156849707317
2019-06-24,0.0030393873339368874,0.0030393873339368874
2019-06-25,-0.00317575770135112,-0.00317575770135112
2019-06-26,-0.012358554130853698,-0.01264887671149886
2019-06-27,0.012075080377107424,0.012075080377107424
2019-06-28,-0.00511264946804098,-0.00511264946804098
2019-07-01,0.0354838758686242,0.0354838758686242
2019-07-02,-0.004722643318590416,-0.004722643318590416
2019-07-03,-0.011956828432863009,-0.012323495099529675
2019-07-04,-0.014224879135284627,-0.014224879135284627
2019-07-05,0.003616073030311926,0.003616073030311926
2019-07-08,-0.023645786357445183,-0.023645786357445183
2019-07-09,0.001252504113403573,0.001252504113403573
2019-07-10,-0.009111650567310564,-0.009369715083439596
2019-07-11,0.0008025113303068399,0.0008025113303068399
2019-07-12,0.001839323317925479,0.001839323317925479
2019-07-15,0.010165810502491046,0.010165810502491046
2019-07-16,-0.002025016244058134,-0.002025016244058134
2019-07-17,0.003747312474218104,0.0032956995709922977
2019-07-18,-0.017826164602807615,-0.017826164602807615
2019-07-19,0.010054888572165192,0.010054888572165192
2019-07-22,-0.01647059327021058,-0.01647059327021058
2019-07-23,0.005412812310711767,0.005412812310711767
2019-07-24,0.011177491618675546,0.010725878715449739
2019-07-25,0.012493765995944229,0.012493765995944229
2019-07-26,0.003588150981027784,0.003588150981027784
2019-07-29,0.0022995811815070583,0.0022995811815070583
2019-07-30,0.004050093064560214,0.004050093064560214
2019-07-31,-0.009212976077642956,-0.009664588980868763
