,cmc_ret,cmo_ret,omo_ret,CSI300
2015-03-09,0.001299999999999999,0.006599999999999998,-0.0376,0.017
2015-03-10,0.0040999999999999995,0.0059,0.0305,-0.0048
2015-03-11,0.0014999999999999998,9.999999999999983e-05,0.0087,0.0011
2015-03-12,-0.0102,-0.017,-0.0126,0.0193
2015-03-13,0.0034000000000000002,0.0005000000000000004,0.0055,0.0069
2015-03-16,0.0038000000000000013,-0.0038999999999999972,-0.0049999999999999975,0.0243
2015-03-17,0.0072000000000000015,0.0011000000000000003,0.016800000000000002,0.0139
2015-03-18,-0.0020999999999999977,-0.0034999999999999996,-0.0030999999999999986,0.0237
2015-03-19,0.0070999999999999995,0.0037,0.0318,-0.0016
2015-03-20,-0.0029,-0.0060999999999999995,-0.0005999999999999998,0.0138
2015-03-23,0.0020999999999999977,-0.005900000000000001,-0.003300000000000001,0.0204
2015-03-24,0.0036,0.0024,0.019200000000000002,0.0002
2015-03-25,0.0071,0.007200000000000001,0.0259,-0.0082
2015-03-26,-0.0095,-0.0054,-0.0012999999999999997,0.0024
2015-03-27,0.0008000000000000004,0.0012000000000000005,0.0016000000000000007,0.0055
2015-03-30,-0.0040999999999999995,-0.0079,-0.018799999999999997,0.0293
2015-03-31,0.0023999999999999994,-0.010300000000000002,0.0497,-0.009
2015-04-01,0.0046,0.0029,-0.0329,0.0179
2015-04-02,0.0101,0.0026999999999999997,0.04,0.0002
2015-04-03,0.004199999999999999,0.009799999999999998,-0.015200000000000002,0.0111
2015-04-07,0.010700000000000001,0.0023000000000000034,0.004600000000000003,0.0215
2015-04-08,-0.014599999999999998,-0.0182,0.0106,0.0084
2015-04-09,0.0006999999999999992,-0.006,0.0155,-0.0078
2015-04-10,-0.004900000000000002,0.004299999999999998,-0.032100000000000004,0.0193
2015-04-13,-0.0016000000000000007,-0.0102,0.018899999999999997,0.0176
2015-04-14,0.007500000000000001,0.0031000000000000003,0.0179,0.0039
2015-04-15,-0.0218,-0.0218,0.014499999999999999,-0.013
2015-04-16,-0.0148,-0.0038000000000000013,-0.0652,0.0304
2015-04-17,0.0001999999999999988,-0.0114,0.027899999999999998,0.0183
2015-04-20,-0.002700000000000001,-0.007599999999999999,0.0235,-0.0161
2015-04-21,0.011700000000000002,0.014200000000000004,-0.0411,0.0215
2015-04-22,-0.00030000000000000165,-0.010400000000000003,0.0149,0.0261
2015-04-23,0.0127,0.0026999999999999997,0.0353,0.0002
2015-04-24,0.0114,0.019799999999999998,0.015,-0.0081
2015-04-27,-0.0001999999999999988,-0.01,0.0052,0.0223
2015-04-28,-0.010100000000000001,-0.009399999999999999,0.0207,-0.0137
2015-04-29,0.0032000000000000006,0.007500000000000001,-0.035699999999999996,0.0068
2015-04-30,0.0048000000000000004,-0.0002999999999999999,0.031,-0.0051
2015-05-04,0.0005000000000000004,-0.0014000000000000002,-0.009600000000000001,0.008
2015-05-05,-0.0011999999999999997,-0.00010000000000000286,0.046,-0.0399
2015-05-06,-0.0117,-0.015399999999999999,-0.031,-0.0095
2015-05-07,-0.005899999999999999,0.0029,-0.0069,-0.0183
2015-05-08,0.021299999999999996,0.010099999999999998,-0.0374,0.0198
2015-05-11,0.005899999999999999,-0.0038000000000000013,-0.00020000000000000226,0.029
2015-05-12,0.0063999999999999994,0.0038000000000000013,0.013399999999999999,0.0121
2015-05-13,0.0081,0.0088,0.018000000000000002,-0.0061
2015-05-14,0.0006000000000000003,0.001,-0.0085,-0.0037
2015-05-15,0.0068000000000000005,0.0048000000000000004,0.0229,-0.0177
2015-05-18,0.01,0.0142,-0.0075,-0.0092
2015-05-19,-0.0010999999999999968,-0.0017000000000000001,-0.039599999999999996,0.0341
2015-05-20,0.0045,-0.0016000000000000003,0.0292,0.005
2015-05-21,0.010199999999999997,0.005999999999999998,-0.010400000000000001,0.0181
2015-05-22,0.010000000000000002,-0.004,0.009299999999999996,0.0228
2015-05-25,0.00040000000000000105,0.0014999999999999979,-0.0185,0.0299
2015-05-26,0.014599999999999998,0.0034000000000000002,0.0275,0.0195
2015-05-27,0.018099999999999998,0.01,0.0298,-0.0034
2015-05-28,-0.0004999999999999866,0.0019000000000000128,0.061000000000000006,-0.0671
2015-05-29,-0.0024000000000000002,-0.0021,-0.0688,0.0014
2015-06-01,0.0063,-0.001899999999999999,-0.036599999999999994,0.0486
2015-06-02,0.007700000000000002,0.0020000000000000018,0.0291,0.0169
2015-06-03,0.0036,0.0017000000000000001,0.0197,-0.0035
2015-06-04,-0.0086,-0.0098,-0.0199,0.0074
2015-06-05,0.0011000000000000003,-0.017,0.0060999999999999995,0.0095
2015-06-08,-0.0127,-0.022099999999999998,-0.0127,0.0236
2015-06-09,0.0093,0.002,0.0241,-0.0068
2015-06-10,0.0059,0.0155,-0.016999999999999998,-0.0016
2015-06-11,0.004699999999999999,0.0021999999999999997,0.0131,-0.0005
2015-06-12,-0.00010000000000000026,-0.0009000000000000006,-0.008400000000000001,0.0054
2015-06-15,0.0020999999999999977,-0.0011999999999999997,0.0293,-0.0214
2015-06-16,-0.007500000000000003,0.0036999999999999984,-0.016000000000000004,-0.0299
2015-06-17,0.0043,0.0043,-0.0447,0.0146
2015-06-18,0.004500000000000004,0.007600000000000003,0.0584,-0.0405
2015-06-19,-0.0032999999999999974,0.017299999999999996,-0.0008000000000000021,-0.0595
2015-06-23,0.0020000000000000018,0.002600000000000005,-0.07769999999999999,0.0321
2015-06-24,0.014699999999999998,0.0068000000000000005,0.0098,0.0196
2015-06-25,0.002599999999999998,-0.003599999999999999,0.0555,-0.0356
2015-06-26,-0.010699999999999987,0.021000000000000005,0.0029,-0.0787
2015-06-29,-0.011500000000000003,-0.0368,0.0046,-0.0334
2015-06-30,0.0003999999999999976,0.02729999999999999,-0.1763,0.0671
2015-07-01,-0.0059000000000000025,0.0085,0.11860000000000001,-0.0492
2015-07-02,-0.0097,-0.020700000000000003,-0.010300000000000004,-0.0341
2015-07-03,-0.008600000000000003,0.024600000000000004,-0.02559999999999999,-0.0541
2015-07-06,-0.020000000000000004,-0.1026,0.0244,0.029
2015-07-07,-0.0503,-0.0052,-0.1347,-0.0176
2015-07-08,0.004100000000000006,0.12110000000000001,-0.030600000000000002,-0.0675
2015-07-09,0.029200000000000004,0.0542,-0.0718,0.064
2015-07-10,0.0058,-0.0021000000000000046,0.039799999999999995,0.0536
2015-07-13,0.023699999999999995,0.011399999999999997,0.04000000000000001,0.0256
2015-07-14,0.0141,0.0007999999999999986,0.048100000000000004,-0.0237
2015-07-15,-0.031299999999999994,-0.0223,0.011300000000000001,-0.0354
2015-07-16,0.013900000000000001,0.0347,-0.09,0.0077
2015-07-17,0.0174,0.0076999999999999985,0.0013999999999999985,0.0386
2015-07-20,0.0015999999999999999,0.0015999999999999999,0.0423,0.0022
2015-07-21,0.008,0.0236,-0.0077,0.0013
2015-07-22,0.0013,0.007299999999999999,0.021900000000000003,-0.0021
2015-07-23,0.0017000000000000001,0.0008000000000000021,-0.0208,0.0225
2015-07-24,0.003300000000000001,0.0015000000000000013,0.047200000000000006,-0.0175
2015-07-27,-0.0116,0.01079999999999999,0.04069999999999999,-0.0856
2015-07-28,-0.0021999999999999997,0.0413,-0.1047,-0.002
2015-07-29,0.0175,0.005199999999999996,0.017999999999999995,0.0313
2015-07-30,-0.004700000000000003,0.000899999999999998,0.0556,-0.0293
2015-07-31,-0.0031,0.0126,-0.052700000000000004,0.0003
2015-08-03,-0.0154,0.001,-0.0068000000000000005,0.0033
2015-08-04,0.0185,0.018199999999999997,-0.022699999999999998,0.0311
2015-08-05,-0.0017999999999999995,0.001400000000000002,0.0595,-0.0206
2015-08-06,0.0068000000000000005,0.027800000000000002,-0.0268,-0.0091
2015-08-07,0.0040999999999999995,-0.008199999999999999,0.006600000000000002,0.0196
2015-08-10,0.012699999999999996,-0.0004000000000000045,-0.0187,0.0454
2015-08-11,0.0155,0.0097,0.050499999999999996,-0.0043
2015-08-12,0.0017999999999999995,0.0065,0.0104,-0.0124
2015-08-13,0.005899999999999999,0.0085,-0.0198,0.0148
2015-08-14,0.0027,-0.0069,0.0346,-0.0005
2015-08-17,0.0068000000000000005,0.0094,-0.0086,0.0011
2015-08-18,-0.009900000000000006,-0.011999999999999997,0.0727,-0.0619
2015-08-19,0.009599999999999997,0.043,-0.11019999999999999,0.0159
2015-08-20,-0.0012000000000000066,0.006899999999999996,0.07849999999999999,-0.0321
2015-08-21,-0.009400000000000006,0.003499999999999996,0.004499999999999997,-0.0457
2015-08-24,-0.009900000000000006,0.031599999999999996,0.007999999999999993,-0.0875
2015-08-25,-0.008200000000000013,0.06219999999999999,-0.04970000000000001,-0.071
2015-08-26,-0.010599999999999998,-0.0204,0.0083,-0.0057
2015-08-27,0.0040000000000000036,-0.0252,-0.08839999999999999,0.0595
2015-08-28,0.014400000000000003,-0.004699999999999996,0.011300000000000004,0.0426
2015-08-31,-0.0087,-0.0015000000000000005,0.03,0.0073
2015-09-01,-0.04,-0.0206,-0.028300000000000002,-0.0013
2015-09-02,-0.0016,0.0522,-0.0499,0.0011
2015-09-07,0.014299999999999997,0.009499999999999998,0.08349999999999999,-0.0343
2015-09-08,0.007899999999999997,0.019299999999999998,-0.07819999999999999,0.0257
2015-09-09,0.014499999999999999,0.009600000000000001,0.0412,0.0196
2015-09-10,-0.009699999999999999,0.0101,0.014,-0.0123
2015-09-11,0.0045,0.0052,-0.0002999999999999999,-0.0031
2015-09-14,-0.0246,-0.033100000000000004,0.0315,-0.0197
2015-09-15,-0.007199999999999998,0.016300000000000002,-0.031299999999999994,-0.0393
2015-09-16,0.03270000000000001,0.02890000000000001,-0.0805,0.0498
2015-09-17,0.006500000000000001,0.0092,0.0948,-0.0218
2015-09-18,0.0087,-0.0021000000000000003,-0.008400000000000001,0.0044
2015-09-21,0.013599999999999998,0.023099999999999996,-0.030600000000000002,0.0175
2015-09-22,0.0002999999999999999,-0.0003999999999999993,0.0344,0.0093
2015-09-23,0.0057,0.027200000000000002,0.012700000000000001,-0.0228
2015-09-24,0.0048,-0.0009000000000000006,-0.0029000000000000002,0.0067
2015-09-25,-0.0193,-0.018699999999999998,0.0242,-0.0161
2015-09-28,0.011300000000000001,0.012,-0.034699999999999995,0.0033
2015-09-29,0.0005000000000000004,0.0166,0.0173,-0.0197
2015-09-30,0.005,-0.0057,0.0013999999999999993,0.0076
2015-10-08,0.011,-0.031,0.010100000000000001,0.0292
2015-10-09,0.0052,0.0032000000000000015,-0.0175,0.0132
2015-10-12,0.0158,0.007600000000000003,-0.006599999999999998,0.0322
2015-10-13,0.012,0.0168,0.0314,-0.0008
2015-10-14,-0.0038000000000000013,0.0017999999999999995,0.0226,-0.0113
2015-10-15,0.011300000000000004,0.011200000000000002,-0.0311,0.0237
2015-10-16,0.004999999999999999,-0.006299999999999999,0.029399999999999996,0.0136
2015-10-19,0.0026,-0.0033,0.019,0.0
2015-10-20,0.006199999999999999,0.005800000000000001,-0.0148,0.0123
2015-10-21,-0.012300000000000002,-0.014700000000000001,0.0572,-0.0292
2015-10-22,0.0076999999999999985,0.0162,-0.06559999999999999,0.0148
2015-10-23,0.0102,0.0017000000000000001,0.0363,0.0133
2015-10-26,0.007,-0.0083,0.0236,0.005
2015-10-27,0.009899999999999999,0.0154,-0.008400000000000001,0.001
2015-10-28,-0.005500000000000001,0.0,0.032799999999999996,-0.0189
2015-10-29,0.0026000000000000003,-0.0034,-0.015099999999999999,0.0024
2015-10-30,0.0028,0.0021,0.002,0.0002
2015-11-02,-0.0034000000000000002,0.0182,0.001400000000000002,-0.0164
2015-11-03,0.0002000000000000001,-0.0046,0.0054,-0.003
2015-11-04,0.0087,0.0032999999999999974,-0.0484,0.047
2015-11-05,0.003300000000000001,-0.004299999999999998,0.0398,0.0213
2015-11-06,0.0154,0.018900000000000004,-0.0013999999999999985,0.0236
2015-11-09,0.0036000000000000008,0.0031999999999999997,0.0208,0.0124
2015-11-10,0.0046,0.012,0.0084,-0.0019
2015-11-11,0.0068,0.0062,0.0092,0.0001
2015-11-12,0.0091,0.007,0.0204,-0.01
2015-11-13,-0.0033999999999999985,0.0077,-0.0031000000000000003,-0.0129
2015-11-16,0.007200000000000001,0.026800000000000004,-0.0255,0.0048
2015-11-17,-0.0054,-0.016999999999999998,0.0524,-0.0015
2015-11-18,-0.0051,-0.006700000000000001,-0.0014000000000000002,-0.0114
2015-11-19,0.007300000000000001,0.003599999999999999,-0.0224,0.016
2015-11-20,0.0083,0.0028,0.026,-0.0002
2015-11-23,0.0023,-0.0032000000000000006,0.013399999999999999,-0.0056
2015-11-24,0.002,0.0015,-0.010199999999999999,0.0001
2015-11-25,0.0066,0.0031999999999999997,-0.0031000000000000003,0.0074
2015-11-26,-0.0005000000000000004,-0.006000000000000001,0.029599999999999998,-0.0059
2015-11-27,-0.012999999999999998,-0.002799999999999997,0.0302,-0.0538
2015-11-30,0.0009000000000000002,0.0007999999999999999,-0.0561,0.0026
2015-12-01,-0.0006000000000000007,0.0002999999999999999,0.0052,0.0071
2015-12-02,-0.008799999999999999,-0.006699999999999998,-0.029699999999999997,0.0363
2015-12-03,0.007,0.0045,0.029400000000000003,0.0073
2015-12-04,0.004399999999999999,0.009899999999999999,0.027499999999999997,-0.0191
2015-12-07,0.0027,0.0015999999999999999,-0.0143,0.0027
2015-12-08,0.00040000000000000105,0.0038000000000000013,0.023700000000000002,-0.0175
2015-12-09,0.0015000000000000005,0.0023,-0.0223,0.0036
2015-12-10,-0.0019999999999999996,-0.0006000000000000003,0.0014000000000000002,-0.0035
2015-12-11,-0.0030999999999999995,0.0023000000000000004,-0.006899999999999999,-0.0041
2015-12-14,-0.0001999999999999988,0.0102,-0.0436,0.0286
2015-12-15,0.006999999999999999,0.006999999999999999,0.053,-0.0046
2015-12-16,0.0068000000000000005,0.0043,0.0087,-0.0024
2015-12-17,0.005500000000000001,-0.0036999999999999984,-0.006899999999999998,0.0191
2015-12-18,-0.0034000000000000002,-0.0052,0.0189,0.0032
2015-12-21,-0.005499999999999998,-0.0052,-0.0315,0.026
2015-12-22,0.004,-0.0017,0.029099999999999997,0.0028
2015-12-23,-0.009899999999999999,-0.0097,0.0114,-0.0027
2015-12-24,-0.003300000000000001,-0.00020000000000000052,0.002999999999999999,-0.0096
2015-12-25,9.999999999999983e-05,-0.0015,-0.0019,0.0023
2015-12-28,0.0003999999999999976,-0.0025000000000000022,0.0326,-0.0288
2015-12-29,0.0003999999999999993,0.0023,-0.0441,0.0092
2015-12-30,0.0055000000000000005,0.0014999999999999998,0.0095,0.0009
2015-12-31,-0.0037999999999999996,-0.003599999999999999,0.0128,-0.0091
2016-01-04,-0.019199999999999995,-0.018000000000000002,0.0513,-0.0702
2016-01-05,0.0013999999999999998,0.0318,-0.10629999999999999,0.0028
2016-01-06,0.009899999999999999,0.004799999999999999,0.019299999999999998,0.0175
2016-01-07,-0.016600000000000004,0.0015000000000000013,0.0736,-0.0693
2016-01-08,0.004199999999999999,-0.0222,-0.0563,0.0204
2016-01-11,-0.016100000000000003,0.0039000000000000007,0.0214,-0.0503
2016-01-12,0.0018999999999999998,-0.0076,-0.0355,0.0073
2016-01-13,-0.014100000000000001,-0.0184,0.023299999999999998,-0.0186
2016-01-14,0.012500000000000004,0.0445,-0.0878,0.0208
2016-01-15,-0.006600000000000002,-0.0001999999999999988,0.0896,-0.0319
2016-01-18,0.004,0.0243,-0.057999999999999996,0.0038
2016-01-19,0.007400000000000004,0.009399999999999999,0.0023999999999999994,0.0295
2016-01-20,0.0087,0.009000000000000001,0.0565,-0.0151
2016-01-21,-0.0040999999999999995,0.0086,0.007199999999999998,-0.0293
2016-01-22,0.0011999999999999997,-0.0137,-0.0219,0.0104
2016-01-25,0.0029000000000000007,-0.007,0.0048,0.005
2016-01-26,-0.010000000000000002,-0.0012000000000000066,0.0491,-0.0602
2016-01-27,-0.0034,-0.0101,-0.054299999999999994,-0.0035
2016-01-28,-0.007999999999999997,0.0034000000000000002,0.0028000000000000004,-0.0261
2016-01-29,0.005299999999999999,0.005500000000000005,-0.0655,0.0324
2016-02-01,0.003599999999999999,0.005899999999999999,0.054,-0.0153
2016-02-02,0.006700000000000001,0.0059000000000000025,-0.0375,0.0208
2016-02-03,0.0059,0.0148,0.0262,-0.0043
2016-02-04,0.0089,0.002999999999999999,0.003899999999999999,0.0122
2016-02-05,-0.0045,-0.0050999999999999995,0.0252,-0.007
2016-02-15,0.0025999999999999994,0.033,-0.0368,-0.0058
2016-02-16,0.004799999999999995,-0.00020000000000000226,0.008900000000000002,0.0307
2016-02-17,0.003000000000000001,0.005300000000000001,0.0211,0.0087
2016-02-18,0.0005,-0.0071,0.0272,-0.0031
2016-02-19,-0.0021,0.0018999999999999998,-0.008100000000000001,-0.0007
2016-02-22,-0.0009999999999999974,-0.011,-0.011099999999999999,0.022
2016-02-23,-0.0040999999999999995,-0.004700000000000001,0.02,-0.0095
2016-02-24,0.003,0.005400000000000001,-0.014700000000000001,0.0065
2016-02-25,-0.007299999999999994,-0.008,0.07590000000000001,-0.0614
2016-02-26,0.006,-0.0041,-0.073,0.01
2016-02-29,-0.007700000000000002,-0.007199999999999998,0.0235,-0.0239
2016-03-01,0.0091,0.005500000000000001,-0.043399999999999994,0.0185
2016-03-02,0.005199999999999996,0.011099999999999999,-0.015200000000000002,0.0412
2016-03-03,-0.005,-0.0064,0.0553,0.0023
2016-03-04,-0.0199,-0.017099999999999997,-0.0101,0.0116
2016-03-07,0.0115,0.0019000000000000002,0.0040999999999999995,0.0035
2016-03-08,-0.0029,-0.004,0.0046,0.0009
2016-03-09,-0.0093,0.0131,-0.0098,-0.0115
2016-03-10,0.004199999999999999,0.004499999999999999,0.023899999999999998,-0.0191
2016-03-11,0.002,0.0093,-0.0227,0.0017
2016-03-14,0.013300000000000003,0.0022000000000000006,0.007100000000000002,0.0157
2016-03-15,-0.0056,-0.003,0.0092,0.003
2016-03-16,-0.0132,-0.0154,0.0050999999999999995,0.005
2016-03-17,0.014399999999999998,0.011499999999999998,-0.0112,0.0111
2016-03-18,0.014,0.006300000000000002,0.013900000000000001,0.0153
2016-03-21,0.0007999999999999986,-0.0125,0.012099999999999996,0.0244
2016-03-22,0.0034000000000000002,0.0086,0.0177,-0.0073
2016-03-23,0.0028,0.0066,-0.0012000000000000001,0.0032
2016-03-24,-0.0020000000000000018,0.007399999999999999,0.0166,-0.0168
2016-03-25,-0.0047,-0.0008000000000000004,-0.016,0.005
2016-03-28,0.00010000000000000113,-0.0046,0.023600000000000003,-0.0088
2016-03-29,-0.0053999999999999986,-0.004499999999999999,-0.001899999999999999,-0.0108
2016-03-30,0.009499999999999998,-0.0011999999999999997,-0.0302,0.0258
2016-03-31,0.0029000000000000002,-0.0059,0.031999999999999994,0.0006
2016-04-01,-0.0042,-0.00019999999999999987,-0.005,0.0012
2016-04-05,0.0091,0.0068000000000000005,-0.006,0.0132
2016-04-06,0.004999999999999999,0.0072,0.0222,-0.0021
2016-04-07,0.0016000000000000007,-0.0017999999999999995,0.0276,-0.0148
2016-04-08,-0.0021000000000000003,0.0052,-0.018699999999999998,-0.0073
2016-04-11,0.003700000000000002,-0.006999999999999999,-0.002199999999999999,0.0139
2016-04-12,-0.0002999999999999999,-0.0005999999999999998,0.0063999999999999994,-0.0036
2016-04-13,0.004,-0.0029,-0.0136,0.0133
2016-04-14,0.0007000000000000001,-0.0027,0.008400000000000001,0.0044
2016-04-15,0.0011,-0.004,0.0095,-0.0011
2016-04-18,-0.0037,0.0028000000000000004,0.004200000000000001,-0.0134
2016-04-19,-0.0031999999999999997,-0.0085,-0.011600000000000001,0.0031
2016-04-20,-0.014699999999999998,-0.0162,0.0194,-0.0177
2016-04-21,-0.009600000000000001,-0.0013,-0.029,-0.0064
2016-04-22,0.004900000000000001,0.014099999999999998,-0.0149,0.0045
2016-04-25,0.0028000000000000004,0.0026000000000000003,0.0148,-0.0041
2016-04-26,0.004399999999999999,0.005299999999999999,-0.0072,0.0054
2016-04-27,0.0024,0.0026999999999999997,0.010499999999999999,-0.0042
2016-04-28,-0.0021999999999999997,-0.0014,-0.0037,-0.0017
2016-04-29,0.0,0.0028,-0.0010000000000000002,-0.0012
2016-05-03,0.0085,0.008100000000000003,-0.0127,0.018
2016-05-04,0.0040999999999999995,0.0072,0.0255,-0.0013
2016-05-05,0.0045,0.0045,0.0115,0.0014
2016-05-06,-0.006700000000000001,-0.0081,0.0342,-0.026
2016-05-09,-0.0164,-0.008,-0.023000000000000003,-0.0207
2016-05-10,-0.0037,0.0005999999999999998,-0.0274,0.0011
2016-05-11,-0.0009999999999999996,-0.006999999999999999,0.005400000000000001,0.0045
2016-05-12,0.0043,0.016900000000000002,-0.015399999999999999,0.0024
2016-05-13,0.0015,0.0045,0.016399999999999998,-0.0049
2016-05-16,0.010799999999999999,0.014,-0.0088,0.0066
2016-05-17,-0.0002999999999999999,-0.0017999999999999995,0.0234,-0.003
2016-05-18,-0.011200000000000002,-0.0039000000000000007,-0.0063,-0.0058
2016-05-19,0.004699999999999999,0.0049,-0.007000000000000001,-0.0018
2016-05-20,0.0023,0.009,-0.0079,0.0051
2016-05-23,0.0068000000000000005,0.0063999999999999994,0.0094,0.0029
2016-05-24,-0.0063,-0.0031000000000000003,0.015,-0.0077
2016-05-25,-0.0069,-0.0109,-0.00039999999999999996,-0.0014
2016-05-26,0.003,0.0045000000000000005,-0.0187,0.0016
2016-05-27,-0.0025,-0.0015,0.0031999999999999997,-0.0006
2016-05-30,-0.0066,0.00010000000000000005,-0.0114,0.0014
2016-05-31,0.0051,0.0022999999999999965,-0.0269,0.0335
2016-06-01,0.0034,-0.0010999999999999998,0.051699999999999996,-0.0028
2016-06-02,0.0091,0.006,0.0023000000000000004,0.0021
2016-06-03,0.0005999999999999998,-0.0036000000000000003,0.005,0.007
2016-06-06,0.0047,0.0009000000000000002,0.0114,-0.0033
2016-06-07,-0.0009,-0.0024,0.0017,-0.0005
2016-06-08,-0.0005999999999999998,0.0012000000000000005,0.0027,-0.0041
2016-06-13,-0.005099999999999997,0.0052,0.0196,-0.0309
2016-06-14,0.0046,0.006999999999999999,-0.034,0.0031
2016-06-15,0.011,0.021199999999999997,-0.0178,0.0131
2016-06-16,0.003,0.0037,0.0419,-0.007
2016-06-17,0.0024999999999999996,0.0007999999999999995,-0.0068000000000000005,0.0051
2016-06-20,0.0007,-0.00010000000000000005,0.006,0.0007
2016-06-21,-0.0013,-0.0055,0.0065,-0.002
2016-06-22,0.002,0.0048000000000000004,-0.0206,0.0089
2016-06-23,-0.0018000000000000004,0.0005000000000000004,0.0159,-0.0053
2016-06-24,-0.0006999999999999992,0.002999999999999999,0.0054,-0.0129
2016-06-27,0.005900000000000001,0.010300000000000002,-0.03,0.0141
2016-06-28,0.0028000000000000004,0.0077,0.0186,0.0051
2016-06-29,0.0007000000000000001,-0.0029999999999999996,0.0161,0.0048
2016-06-30,-0.0016,-0.0009000000000000001,0.0063999999999999994,0.0008
2016-07-01,-0.00039999999999999996,-0.002,0.0015999999999999999,0.0001
2016-07-04,0.002100000000000001,0.0093,-0.0225,0.016
2016-07-05,-0.0014,9.999999999999994e-05,0.0286,0.0008
2016-07-06,0.0015000000000000005,0.005300000000000001,-0.0026,0.0029
2016-07-07,0.0083,0.0089,0.013099999999999999,-0.0021
2016-07-08,0.0008999999999999998,0.0021999999999999997,0.012799999999999999,-0.0055
2016-07-11,0.0015,-0.0019,-0.0085,0.0035
2016-07-12,-0.0032000000000000015,-0.002100000000000001,-0.0227,0.0218
2016-07-13,0.0002999999999999999,-0.0019,0.0309,0.003
2016-07-14,0.0005,0.002,0.010400000000000001,-0.0019
2016-07-15,0.0001,-0.0010999999999999998,0.0029,-0.0001
2016-07-18,0.0017000000000000001,0.0026000000000000003,0.0021000000000000003,-0.0044
2016-07-19,0.0013999999999999998,9.99999999999994e-05,0.0034999999999999996,-0.0042
2016-07-20,-9.999999999999983e-05,0.0004000000000000002,-0.0002000000000000001,-0.0033
2016-07-21,0.0015999999999999999,0.0015000000000000005,-0.0015,0.0046
2016-07-22,0.0013999999999999993,0.0001999999999999988,0.0202,-0.0084
2016-07-25,-0.0026,0.00010000000000000005,-0.0141,0.0018
2016-07-26,0.0038000000000000013,0.0031000000000000003,-0.0068000000000000005,0.012
2016-07-27,-0.005500000000000001,-0.005000000000000001,0.036199999999999996,-0.0157
2016-07-28,0.0021999999999999997,0.0057,-0.0274,0.0009
2016-07-29,-0.0005999999999999998,-0.00019999999999999966,0.0204,-0.0053
2016-08-01,-0.002999999999999999,-0.0014000000000000002,0.0012000000000000005,-0.0085
2016-08-02,0.0053,0.0079,-0.0183,0.0039
2016-08-03,0.0042,0.0060999999999999995,0.0060999999999999995,0.0014
2016-08-04,0.0017000000000000006,0.0032,0.0022,0.0024
2016-08-05,-0.0010999999999999998,-0.0010999999999999998,0.0085,0.0012
2016-08-08,-0.00040000000000000105,0.0026,-0.0122,0.0091
2016-08-09,0.0024000000000000002,0.0044,0.009500000000000001,0.007
2016-08-10,-0.0012000000000000005,-0.0011000000000000003,0.015099999999999999,-0.0042
2016-08-11,-0.0026000000000000003,-0.0007999999999999999,-0.0028,-0.0031
2016-08-12,-0.0029,-0.0006999999999999992,-0.0285,0.0188
2016-08-15,0.004699999999999999,0.002200000000000004,-0.0049999999999999975,0.0301
2016-08-16,0.0069,0.0034999999999999996,0.0397,-0.0045
2016-08-17,0.0024000000000000002,0.0031999999999999997,-0.001,-0.0015
2016-08-18,0.0024000000000000002,0.0025,0.0042,-0.0025
2016-08-19,-0.0028,-0.0009,-0.0024000000000000002,0.0002
2016-08-22,-0.0078,-0.006,0.0138,-0.0084
2016-08-23,0.0002999999999999999,0.0008999999999999998,-0.0136,0.0015
2016-08-24,0.0012000000000000001,0.0012000000000000001,0.0062,-0.0036
2016-08-25,-0.001,0.0052,-0.002,-0.0063
2016-08-26,0.001,0.00019999999999999993,-0.0008,-0.0006
2016-08-29,-0.0006000000000000001,9.999999999999996e-05,-0.0037,0.0002
2016-08-30,-0.0033,-0.0040999999999999995,0.0007000000000000001,0.0013
2016-08-31,-0.00019999999999999966,0.0003000000000000008,-0.0066,0.0048
2016-09-01,0.000700000000000001,-0.0001999999999999988,0.0131,-0.0079
2016-09-02,-0.0021000000000000003,-0.0002999999999999999,-0.013099999999999999,0.0038
2016-09-05,0.002,-0.0012,0.0056,0.0017
2016-09-06,0.0026999999999999993,0.0014999999999999996,-0.004399999999999999,0.0069
2016-09-07,0.00030000000000000003,-0.0005,0.013000000000000001,-0.0005
2016-09-08,-0.0012000000000000001,0.0008,-0.0007999999999999999,-0.0004
2016-09-09,0.0021000000000000003,0.0,0.015200000000000002,-0.0064
2016-09-12,-0.0017000000000000001,0.0127,-0.0063,-0.0167
2016-09-13,0.0,-0.0024,0.0023,-0.0007
2016-09-14,0.00019999999999999966,0.0028,0.0023,-0.0066
2016-09-19,0.0026,-0.00019999999999999966,-0.0062,0.0075
2016-09-20,0.0015,0.0009,0.0121,-0.0018
2016-09-21,0.0035,0.0043,-0.0027,0.0028
2016-09-22,0.0051,-0.0017000000000000001,0.0025000000000000005,0.0075
2016-09-23,-0.0017000000000000001,-0.0035000000000000005,0.0117,-0.0047
2016-09-26,-0.002400000000000003,-0.0015000000000000013,0.005599999999999999,-0.0169
2016-09-27,0.0033999999999999994,0.004599999999999999,-0.0302,0.0064
2016-09-28,0.0031,0.0006000000000000003,0.0157,-0.003
2016-09-29,-0.0005999999999999998,-0.0018999999999999998,-0.006699999999999999,0.0042
2016-09-30,0.002,0.0033,-0.0002000000000000001,0.0027
2016-10-10,0.0007999999999999986,-0.002400000000000001,-0.0032000000000000015,0.0125
2016-10-11,0.0036,0.0022000000000000006,0.0055000000000000005,0.0039
2016-10-12,-0.0002999999999999999,0.002,0.0071,-0.002
2016-10-13,-0.00030000000000000003,9.999999999999994e-05,-0.00010000000000000005,0.0008
2016-10-14,-0.0017000000000000001,0.0005,0.0002999999999999999,0.001
2016-10-17,0.0019000000000000006,-0.0004999999999999987,0.013600000000000001,-0.0085
2016-10-18,0.002100000000000001,0.0025000000000000022,-0.0199,0.0133
2016-10-19,0.0036,-0.0013999999999999998,0.0235,-0.0015
2016-10-20,-0.0003,-0.0008,-0.0004,0.0007
2016-10-21,0.0024,0.001,-0.0011,0.0028
2016-10-24,0.0005000000000000004,-0.0014999999999999996,-0.0067,0.012
2016-10-25,0.0024,0.0023,0.0149,-0.0
2016-10-26,0.0005999999999999998,0.0009000000000000002,0.0060999999999999995,-0.0038
2016-10-27,-0.0020999999999999994,-9.999999999999983e-05,-0.0030999999999999995,-0.0027
2016-10-28,-0.0027,-0.0036,0.002,-0.0017
2016-10-31,0.0014,0.0034999999999999996,-0.0105,-0.0012
2016-11-01,0.004600000000000001,0.0032000000000000006,-0.0030999999999999995,0.0068
2016-11-02,0.0002999999999999999,0.0022000000000000006,0.014499999999999999,-0.0077
2016-11-03,-0.0011999999999999997,0.0010000000000000009,-0.016,0.0095
2016-11-04,-0.0007999999999999999,-0.0010999999999999998,0.0193,-0.0032
2016-11-07,0.00019999999999999998,0.0015999999999999999,-0.0087,0.0007
2016-11-08,-0.00010000000000000026,-0.0034000000000000002,0.0031999999999999997,0.0043
2016-11-09,0.0007000000000000001,-0.0008999999999999998,0.011300000000000001,-0.0054
2016-11-10,0.0016000000000000007,-0.004,-0.0092,0.0112
2016-11-11,0.0002999999999999999,0.0026,-0.0026,0.0078
2016-11-14,-0.0004000000000000002,0.0046,0.004,0.0038
2016-11-15,0.0024999999999999996,0.0028,0.0054,-0.0001
2016-11-16,0.0012000000000000001,-0.00019999999999999998,0.0028,-0.0001
2016-11-17,-0.0002000000000000001,0.0017000000000000001,-0.0015,0.002
2016-11-18,-0.001,-0.002400000000000001,0.0109,-0.0055
2016-11-21,-0.0004999999999999996,0.0014999999999999996,-0.0191,0.0069
2016-11-22,0.0002999999999999999,0.0,-0.00040000000000000105,0.0079
2016-11-23,-0.0013,-0.0027,0.006,0.0018
2016-11-24,-0.0029,-0.0002000000000000001,-0.005,0.004
2016-11-25,-0.0030999999999999995,-0.002999999999999999,-0.007599999999999999,0.0093
2016-11-28,0.002,-0.0024999999999999996,0.006600000000000001,0.0039
2016-11-29,-0.003700000000000001,-0.001400000000000001,-0.010700000000000001,0.0082
2016-11-30,0.0002999999999999999,0.0005000000000000004,0.013000000000000001,-0.0073
2016-12-01,0.0058000000000000005,-0.0007000000000000001,-0.0066,0.0076
2016-12-02,-0.0034000000000000002,-0.0023,0.0199,-0.0101
2016-12-05,-0.004,0.015099999999999999,-0.014000000000000002,-0.0169
2016-12-06,0.0002000000000000001,0.0015,-0.0056,-0.003
2016-12-07,0.0026000000000000007,0.0036,-0.008,0.0048
2016-12-08,0.001,-0.0023,0.015300000000000001,-0.0016
2016-12-09,-0.0027999999999999995,-0.0010999999999999994,-0.0135,0.0068
2016-12-12,-0.010000000000000002,-0.009000000000000001,0.0258,-0.0242
2016-12-13,0.0068,0.0106,-0.0366,-0.0012
2016-12-14,-0.0026999999999999993,-0.0011999999999999997,0.0105,-0.0077
2016-12-15,0.0088,0.014700000000000001,-0.006999999999999999,-0.0114
2016-12-16,0.002,0.0029,-0.0068000000000000005,0.0017
2016-12-19,0.0023000000000000004,0.0013000000000000004,0.0123,-0.0051
2016-12-20,0.0012000000000000005,0.0015999999999999999,0.0002999999999999999,-0.006
2016-12-21,0.0043,0.0019000000000000006,-0.0135,0.0089
2016-12-22,0.0007999999999999999,0.0006000000000000001,0.0121,-0.0009
2016-12-23,-0.0002999999999999999,-0.0010000000000000009,0.010199999999999999,-0.0084
2016-12-26,-0.0009999999999999996,0.0021000000000000003,-0.0183,0.0045
2016-12-27,0.0028,0.0019,0.0116,-0.0018
2016-12-28,0.0012000000000000001,0.0017000000000000001,0.004200000000000001,-0.0044
2016-12-29,0.0012,0.0027,-0.0052,-0.0013
2016-12-30,-0.0012000000000000001,-0.0034000000000000002,-0.0034000000000000002,0.0037
2017-01-03,-0.002,-0.0051,-0.007600000000000001,0.0097
2017-01-04,0.0014000000000000002,0.0013000000000000008,-0.00019999999999999966,0.0078
2017-01-05,-0.00039999999999999996,0.0,0.0119,-0.0002
2017-01-06,-0.0011999999999999997,-0.00019999999999999966,0.0085,-0.006
2017-01-09,-0.0010999999999999994,-0.0002999999999999999,-0.0127,0.0048
2017-01-10,-0.0012,0.00019999999999999987,0.0048,-0.0017
2017-01-11,0.0011000000000000003,0.0034000000000000002,0.003,-0.0071
2017-01-12,-0.0023999999999999994,-0.0011999999999999997,-0.0040999999999999995,-0.0051
2017-01-13,-0.0059,-0.0076,-0.0084,0.0007
2017-01-16,-0.0032,-0.001,-0.0037,-0.0001
2017-01-17,0.0021,0.0074,-0.0094,0.0021
2017-01-18,-9.999999999999983e-05,0.0005999999999999998,0.0065,0.0039
2017-01-19,0.0009000000000000002,0.0026,0.0043,-0.003
2017-01-20,0.0017000000000000001,0.0023,-0.0082,0.0077
2017-01-23,0.0034000000000000002,0.0027,0.0079,0.0027
2017-01-24,0.0015,0.0004999999999999999,0.0088,0.0001
2017-01-25,0.0032,0.0031,-0.0036,0.0034
2017-01-26,0.0025000000000000005,0.002,0.0024000000000000002,0.0036
2017-02-03,-0.0011999999999999997,-0.0017999999999999995,0.013600000000000001,-0.0069
2017-02-06,0.0021000000000000003,0.0018000000000000004,-0.009600000000000001,0.0026
2017-02-07,0.003,0.0036,0.0069,-0.0022
2017-02-08,0.0048000000000000004,0.0054,-0.006999999999999999,0.0052
2017-02-09,0.0018,0.0019000000000000002,0.006700000000000001,0.0038
2017-02-10,-0.0003000000000000008,-0.0016000000000000003,0.0034000000000000002,0.0051
2017-02-13,0.0015999999999999999,0.0004000000000000002,-0.0015999999999999999,0.0067
2017-02-14,-0.0012,-0.0006,0.0089,-0.0001
2017-02-15,0.0007000000000000005,0.0014000000000000002,0.006200000000000001,-0.0041
2017-02-16,0.0048,0.005,-0.0121,0.0056
2017-02-17,-0.0002999999999999999,0.0018000000000000004,0.013600000000000001,-0.0057
2017-02-20,0.002,0.002199999999999999,-0.0233,0.0146
2017-02-21,0.0015999999999999999,0.0014000000000000002,0.0167,0.0033
2017-02-22,-0.0007000000000000001,-0.0013,0.0072,0.002
2017-02-23,0.0016000000000000003,0.001,0.011300000000000001,-0.0047
2017-02-24,0.0018,0.0008,0.0029,0.0002
2017-02-27,0.0047,0.0021000000000000003,0.0161,-0.008
2017-02-28,0.0068,0.0049,-0.0073999999999999995,0.0019
2017-03-01,-0.0016,-0.0015,0.0084,0.0016
2017-03-02,-0.002299999999999999,-0.0021000000000000003,0.0103,-0.0067
2017-03-03,-0.0016000000000000003,0.0024,-0.0075,-0.0021
2017-03-06,0.0057,0.005899999999999999,-0.0049,0.0054
2017-03-07,0.0005999999999999998,0.0006999999999999997,0.0083,0.0022
2017-03-08,0.0006000000000000001,0.0008,0.0033,-0.0015
2017-03-09,0.0023,0.0043,0.0027,-0.0063
2017-03-10,0.0025,0.002,-0.0060999999999999995,0.0003
2017-03-13,0.0020999999999999994,0.0017999999999999995,-0.005600000000000001,0.0088
2017-03-14,-0.0005,0.001,0.0101,-0.0004
2017-03-15,0.0023,0.0021999999999999997,-0.001,0.002
2017-03-16,0.0014000000000000002,-0.0015999999999999999,0.0022000000000000006,0.0052
2017-03-17,-0.0022000000000000006,-0.0026,0.0155,-0.0103
2017-03-20,-0.0028,-0.0017000000000000001,-0.0162,0.0011
2017-03-21,-0.00019999999999999966,-0.0008999999999999998,-0.006999999999999999,0.0049
2017-03-22,0.0025,0.0073,0.0072,-0.0047
2017-03-23,-0.0002999999999999999,-0.0017000000000000001,-0.0046,0.0035
2017-03-24,0.0009999999999999992,0.0011000000000000003,-0.0048000000000000004,0.008
2017-03-27,-0.0034000000000000002,-0.003,0.015099999999999999,-0.0033
2017-03-28,-0.0024,-0.0019000000000000002,-0.005000000000000001,-0.0024
2017-03-29,-0.0006000000000000001,-0.0002000000000000001,-0.0002000000000000001,-0.0013
2017-03-30,-0.005899999999999999,-0.004199999999999999,-0.0001999999999999988,-0.0082
2017-03-31,-0.0018999999999999998,0.0,-0.0179,0.0056
2017-04-05,0.006600000000000002,-0.0034000000000000002,0.004,0.0138
2017-04-06,0.0063,0.0008000000000000004,0.0103,0.0029
2017-04-07,0.0013,0.0006000000000000001,0.0027,0.001
2017-04-10,0.001,-0.0002999999999999999,0.0067,-0.0035
2017-04-11,0.0058,0.0035,-0.0032,0.0035
2017-04-12,0.0,-0.0011999999999999997,0.0125,-0.0022
2017-04-13,0.0013999999999999998,0.0023,-0.0033,0.0015
2017-04-14,-0.0006999999999999992,-0.0040999999999999995,0.0215,-0.008
2017-04-17,-0.0055000000000000005,0.0006000000000000001,-0.0188,-0.0019
2017-04-18,-0.002,-0.0005000000000000004,0.0045,-0.0049
2017-04-19,0.00010000000000000026,0.0034,0.00019999999999999966,-0.0049
2017-04-20,-0.0021999999999999997,-0.0005999999999999998,-0.0104,0.0045
2017-04-21,-0.0053,-0.0046,0.0043,0.0015
2017-04-24,-0.0031999999999999997,0.0009000000000000015,0.004600000000000001,-0.0102
2017-04-25,-0.0004000000000000002,-0.0007000000000000001,-0.013000000000000001,0.0028
2017-04-26,-0.00039999999999999986,0.00030000000000000014,0.0071,0.0012
2017-04-27,0.0007999999999999999,0.0050999999999999995,-0.0015,0.0004
2017-04-28,0.0059,0.0095,0.0011,-0.002
2017-05-02,0.0045,0.0079,0.0066,-0.0038
2017-05-03,-0.0024000000000000002,-0.0002999999999999999,0.0047,-0.0039
2017-05-04,0.0006999999999999999,0.004399999999999999,-0.006500000000000001,-0.0026
2017-05-05,-0.0114,-0.006899999999999999,-9.99999999999994e-05,-0.0064
2017-05-08,-0.011,-0.0059,-0.010100000000000001,-0.007
2017-05-09,0.0063,0.0123,-0.024300000000000002,-0.0019
2017-05-10,-0.0076,-0.0081,0.012,-0.0044
2017-05-11,-0.0015999999999999999,0.0034999999999999996,-0.0254,0.0057
2017-05-12,-0.0058,-0.0036,0.0014999999999999996,0.0086
2017-05-15,0.0023,-0.0009000000000000002,0.005199999999999999,0.0041
2017-05-16,0.0074,0.010100000000000001,-0.012,0.0087
2017-05-17,0.0037,0.0058000000000000005,0.024800000000000003,-0.0054
2017-05-18,-0.004200000000000001,0.0055,-0.004400000000000001,-0.0035
2017-05-19,-0.0039,-0.0034999999999999996,0.0031999999999999997,0.0017
2017-05-22,-0.0060999999999999995,-0.0048000000000000004,-0.0063,0.0022
2017-05-23,-0.0112,-0.0086,-0.012799999999999999,0.0038
2017-05-24,0.0001,0.0048,-0.0098,-0.0
2017-05-25,-0.004499999999999999,-0.0006999999999999992,-0.015799999999999998,0.018
2017-05-26,0.00010000000000000005,0.0008,0.0188,-0.0015
2017-05-31,0.0002999999999999999,-0.0101,0.0062,0.0036
2017-06-01,-0.0068000000000000005,-0.0034999999999999996,-0.0111,0.0014
2017-06-02,0.0068000000000000005,0.0091,-0.0025999999999999994,-0.0032
2017-06-05,0.0044,0.0055000000000000005,0.0054,-0.0051
2017-06-06,-0.0014000000000000002,-0.0005999999999999998,-0.0061,0.007
2017-06-07,0.001299999999999999,0.0020999999999999994,-0.004,0.0117
2017-06-08,-0.0029000000000000007,-0.0037,0.008100000000000001,0.0077
2017-06-09,0.0018000000000000004,0.0013,0.0014000000000000002,0.0043
2017-06-12,-0.0023,0.0007,0.0016,-0.0005
2017-06-13,0.0078,0.0087,-0.0023,0.0022
2017-06-14,0.0023,0.0035000000000000014,0.0222,-0.0131
2017-06-15,0.0037,0.0056,-0.0092,-0.0018
2017-06-16,0.0032,0.0034,0.0105,-0.0028
2017-06-19,-0.0019000000000000006,0.0,-0.0105,0.0099
2017-06-20,0.0043,0.0018,0.0157,-0.002
2017-06-21,-0.0058000000000000005,-0.0105,-0.0118,0.0117
2017-06-22,-0.010499999999999999,-0.0081,0.0049,0.0007
2017-06-23,-0.0017000000000000001,0.0008999999999999998,-0.0162,0.0091
2017-06-26,0.004299999999999998,0.003300000000000001,0.0006999999999999992,0.0125
2017-06-27,0.0019000000000000002,0.0021,0.0176,0.0018
2017-06-28,0.004399999999999999,0.0063,0.0091,-0.0078
2017-06-29,-0.002,-0.0011999999999999997,-0.0098,0.0062
2017-06-30,0.0015999999999999999,0.0059,-0.0004000000000000001,-0.0006
2017-07-03,0.0048000000000000004,0.0044,0.0115,-0.0043
2017-07-04,0.0022000000000000006,0.0034000000000000002,0.007600000000000001,-0.0085
2017-07-05,-0.0023,0.0015000000000000013,-0.024399999999999998,0.011
2017-07-06,0.003,0.0048,0.009300000000000001,0.0001
2017-07-07,0.006,0.0091,0.0022,-0.0011
2017-07-10,0.0014,0.0036,0.0084,-0.0006
2017-07-11,-0.0097,-0.0068000000000000005,-0.0061,0.0047
2017-07-12,0.0037,0.0027,0.0035,-0.0033
2017-07-13,-0.006500000000000001,-0.006500000000000001,-0.006200000000000001,0.0077
2017-07-14,-0.0037,0.0011999999999999997,-0.0014000000000000002,0.0044
2017-07-17,-0.014400000000000001,-0.012700000000000001,0.0123,-0.0107
2017-07-18,0.0031999999999999997,0.0079,-0.0253,0.001
2017-07-19,0.006700000000000001,0.010699999999999998,-0.0122,0.0171
2017-07-20,0.00020000000000000052,0.0011000000000000003,0.027999999999999997,0.0049
2017-07-21,0.0036000000000000003,0.0046,0.010100000000000001,-0.0051
2017-07-24,0.00019999999999999966,0.0018999999999999998,-0.0055,0.004
2017-07-25,0.0,0.0011000000000000003,0.0094,-0.0064
2017-07-26,0.0026,9.999999999999983e-05,0.0026,-0.0038
2017-07-27,0.0025,0.004200000000000001,-0.0118,0.0018
2017-07-28,0.0012000000000000001,0.0047,0.003,0.0026
2017-07-31,0.0057,0.005299999999999999,0.0011000000000000003,0.0043
2017-08-01,-0.006999999999999999,-0.0063999999999999994,0.0019000000000000006,0.0087
2017-08-02,0.0007000000000000001,-0.0002999999999999999,0.010400000000000001,-0.0025
2017-08-03,0.006900000000000001,0.0083,0.003000000000000001,-0.0088
2017-08-04,-0.0015999999999999999,-0.0003999999999999993,-0.00019999999999999966,-0.0054
2017-08-07,0.0017000000000000001,0.003300000000000001,-0.0137,0.0052
2017-08-08,0.0031,0.004200000000000001,0.0069,0.0015
2017-08-09,0.0043,0.0048,0.0050999999999999995,-0.0003
2017-08-10,-0.0044,-0.0005999999999999998,0.004200000000000001,-0.0041
2017-08-11,-0.0023999999999999994,0.005299999999999999,0.009,-0.0185
2017-08-14,0.0094,0.007299999999999999,-0.0265,0.013
2017-08-15,-0.0002000000000000001,-0.0005,0.015399999999999999,0.0031
2017-08-16,-0.0023,-0.00030000000000000014,0.004699999999999999,-0.0013
2017-08-17,0.004,0.0008999999999999998,-0.006,0.0054
2017-08-18,-0.0033,0.0028000000000000004,-0.0007999999999999999,0.0009
2017-08-21,0.008899999999999998,0.0036999999999999993,0.0031999999999999997,0.0044
2017-08-22,-0.006,-0.0054,9.999999999999983e-05,0.003
2017-08-23,-0.0102,-0.0069,0.0015,0.001
2017-08-24,0.0021000000000000003,0.001,0.0053,-0.0057
2017-08-25,-0.0038000000000000013,-0.005000000000000001,-0.024,0.0164
2017-08-28,0.0048000000000000004,0.0028000000000000004,0.008000000000000002,0.0124
2017-08-29,0.0023,-0.0005,0.019700000000000002,-0.0021
2017-08-30,0.0026,0.0038,-0.0046,-0.0001
2017-08-31,0.0016,0.0017000000000000001,0.007600000000000001,-0.0032
2017-09-01,0.0040999999999999995,0.0038,-0.0022,0.0022
2017-09-04,0.0044,0.0005000000000000004,0.008400000000000001,0.0039
2017-09-05,-0.0015,-0.0014,0.0039,0.003
2017-09-06,0.0035,0.0078,-0.0021999999999999997,-0.002
2017-09-07,0.0028000000000000004,0.0032000000000000006,0.0131,-0.0051
2017-09-08,0.0048000000000000004,0.004200000000000001,-0.0029,-0.001
2017-09-11,0.0046,0.0055000000000000005,0.0006000000000000001,-0.0001
2017-09-12,-0.0054,-0.0067,0.0006999999999999997,0.0032
2017-09-13,0.0034000000000000002,0.0036,-0.0043,0.0012
2017-09-14,-0.0011999999999999997,-0.0014999999999999996,0.0097,-0.0033
2017-09-15,-0.0018,-0.0005,0.00020000000000000004,0.0003
2017-09-18,0.0036000000000000003,0.0048000000000000004,-0.0060999999999999995,0.0031
2017-09-19,-0.0029,-0.004200000000000001,0.0149,-0.0029
2017-09-20,0.0037,0.0033,-0.0072,0.0027
2017-09-21,-0.0054,-0.0058000000000000005,0.0059,-0.0012
2017-09-22,-0.0038,-0.0005,-0.013,-0.0
2017-09-25,-0.003300000000000001,-0.0002999999999999999,-0.0011000000000000003,-0.0052
2017-09-26,0.0032,0.0048,-0.0137,0.0008
2017-09-27,0.0063,0.006,0.0027,0.0001
2017-09-28,0.0004,9.999999999999999e-05,0.0073999999999999995,0.0004
2017-09-29,-0.0004000000000000002,-0.0012000000000000001,-0.0017000000000000001,0.0037
2017-10-09,0.0007999999999999986,-0.0143,0.005299999999999999,0.0119
2017-10-10,-0.0002000000000000001,-0.00010000000000000005,-0.0074,0.002
2017-10-11,-0.0017,-0.0023,-0.0031,0.0033
2017-10-12,-0.0069,-0.0073999999999999995,-0.0024,0.0026
2017-10-13,0.0045000000000000005,0.004,-0.0005999999999999998,0.0021
2017-10-16,-0.0029,-0.0061,0.013300000000000001,-0.0019
2017-10-17,-0.0031000000000000003,-0.0007999999999999999,-0.0086,-0.0001
2017-10-18,-0.004000000000000001,-0.0038000000000000004,-0.003000000000000001,0.0079
2017-10-19,-0.002,-0.0014000000000000002,0.0031,-0.0033
2017-10-20,0.0085,0.0105,-0.0069,-0.0011
2017-10-23,0.0033,0.0025,0.0103,0.001
2017-10-24,-0.0028000000000000004,-0.0004000000000000002,-0.0065,0.0073
2017-10-25,0.0026,0.0033,0.0067,0.0044
2017-10-26,0.0022000000000000006,0.0018000000000000004,0.0053,0.0042
2017-10-27,-0.007600000000000001,-0.0073,9.99999999999994e-05,0.0071
2017-10-30,-0.0037,-0.0039,0.0017000000000000001,-0.003
2017-10-31,0.0024,0.0047,-0.0060999999999999995,-0.0007
2017-11-01,0.0017000000000000001,0.003,0.0132,-0.0025
2017-11-02,-0.0024999999999999996,-0.0024999999999999996,-0.002,0.0001
2017-11-03,-0.0009,0.0002000000000000001,-0.0048,-0.0011
2017-11-06,0.0009999999999999992,0.001899999999999999,-0.014100000000000001,0.0071
2017-11-07,0.0025000000000000005,0.0023,0.0057,0.0083
2017-11-08,-0.0013,-0.00010000000000000005,0.0089,-0.0015
2017-11-09,-0.0002999999999999999,0.0007000000000000001,-0.0063,0.0069
2017-11-10,-0.0047,-0.003300000000000001,0.002,0.0088
2017-11-13,0.00010000000000000026,-0.0008999999999999998,0.0038000000000000004,0.0039
2017-11-14,-0.0018000000000000004,-0.0018000000000000004,0.012,-0.007
2017-11-15,-0.0060999999999999995,-0.0008000000000000004,-0.0088,-0.0063
2017-11-16,-0.0045000000000000005,-0.0029000000000000007,-0.0179,0.0077
2017-11-17,-0.012199999999999999,-0.0086,0.0005999999999999998,0.0039
2017-11-20,-0.0022,0.0044,-0.0149,0.0056
2017-11-21,-0.0039000000000000007,-0.0017000000000000001,0.00030000000000000165,0.0178
2017-11-22,0.0005,-0.0015,0.013500000000000002,0.0023
2017-11-23,0.0019000000000000024,0.0028000000000000004,0.0333,-0.0296
2017-11-24,0.0011,0.0028,-0.032499999999999994,0.0004
2017-11-27,-0.009000000000000001,-0.006999999999999999,0.0119,-0.0132
2017-11-28,0.0085,0.0104,-0.0271,0.0014
2017-11-29,0.0071,0.0071,0.013900000000000001,-0.0005
2017-11-30,0.001599999999999999,0.0081,0.0050999999999999995,-0.0118
2017-12-01,0.008199999999999999,0.008400000000000001,-0.0093,-0.002
2017-12-04,-0.0074,-0.004699999999999999,-0.0063999999999999994,0.0052
2017-12-05,-0.0129,-0.0103,-0.0076,0.0053
2017-12-06,0.0057,0.0092,-0.0025000000000000005,-0.006
2017-12-07,0.0005999999999999998,0.004200000000000001,0.009300000000000001,-0.0111
2017-12-08,-0.0008999999999999998,0.0002999999999999999,-0.011899999999999999,0.0081
2017-12-11,0.0023,0.0002999999999999982,-0.006400000000000001,0.0165
2017-12-12,0.0029,0.003000000000000001,0.0317,-0.0131
2017-12-13,-0.0010000000000000009,-0.0005999999999999998,-0.020900000000000002,0.0085
2017-12-14,0.0,0.001,0.0148,-0.0059
2017-12-15,0.0048,0.0047,0.0039,-0.0112
2017-12-18,-0.0049,-0.0051,-0.0076,0.0011
2017-12-19,-0.0005999999999999998,-0.0008000000000000004,-0.019200000000000002,0.0126
2017-12-20,-0.0021999999999999997,-0.0019,0.0118,-0.0012
2017-12-21,-0.0030999999999999995,-0.001299999999999999,-0.0174,0.0093
2017-12-22,0.0036,0.0031,0.0155,-0.0033
2017-12-25,-0.0012000000000000001,-0.0010999999999999998,0.0035,-0.0032
2017-12-26,0.0026,0.0036,-0.0163,0.003
2017-12-27,0.0051,0.0066,0.0201,-0.0154
2017-12-28,-0.0021000000000000003,-0.0007999999999999995,-0.0185,0.0069
2017-12-29,0.0017999999999999995,0.002,0.0021000000000000003,0.003
2018-01-02,0.004700000000000001,0.00020000000000000052,-0.004700000000000001,0.014
2018-01-03,0.0059,0.0044,0.011100000000000002,0.0059
2018-01-04,0.004900000000000001,0.005,0.0036,0.0042
2018-01-05,0.0025,0.0004000000000000002,0.009800000000000001,0.0024
2018-01-08,0.0026,0.0024000000000000002,-0.004,0.0052
2018-01-09,-0.0034000000000000002,-0.0014000000000000002,-0.0066,0.007
2018-01-10,-0.006200000000000001,-0.006,0.0017000000000000001,0.0044
2018-01-11,0.0040999999999999995,0.0046,0.0004,-0.0005
2018-01-12,-0.0060999999999999995,-0.0062,-0.0047,0.0046
2018-01-15,-0.0155,-0.0141,-0.0029999999999999996,0.0001
2018-01-16,0.004499999999999999,0.0060999999999999995,-0.0279,0.0079
2018-01-17,-0.0033000000000000004,-0.005000000000000001,0.017,-0.0024
2018-01-18,0.0051,0.0048000000000000004,-0.017099999999999997,0.0055
2018-01-19,-0.0005999999999999998,-0.0036,0.007200000000000001,0.0033
2018-01-22,-0.0017000000000000001,0.001899999999999999,-0.0126,0.0119
2018-01-23,-0.006,-0.0069,0.0113,0.0106
2018-01-24,0.0037999999999999996,0.0048,0.011899999999999999,0.0017
2018-01-25,0.0049,0.0054,0.0162,-0.0057
2018-01-26,0.0,0.0027,-0.0092,0.0037
2018-01-29,0.001800000000000003,0.001800000000000003,0.023600000000000003,-0.0181
2018-01-30,0.0060999999999999995,0.009399999999999999,-0.0122,-0.0107
2018-01-31,-0.0117,-0.0041,-0.022,0.0047
2018-02-01,-0.0087,-0.0092,0.0008999999999999998,-0.007
2018-02-02,0.0014000000000000002,0.0071,-0.0358,0.006
2018-02-05,0.0,0.015200000000000002,0.0076,0.0007
2018-02-06,-0.010599999999999998,0.014499999999999999,0.0221,-0.0293
2018-02-07,0.0104,-0.0069,0.013099999999999999,-0.0237
2018-02-08,0.0003999999999999993,0.0096,-0.0434,-0.0095
2018-02-09,-0.001999999999999995,0.0257,0.013500000000000002,-0.0427
2018-02-12,0.007399999999999999,0.0026,-0.033,0.0129
2018-02-13,0.0005999999999999998,-0.0088,0.0232,0.0117
2018-02-14,0.0005000000000000004,-0.004200000000000001,0.0,0.008
2018-02-22,0.003199999999999998,-0.0102,-0.005500000000000001,0.0216
2018-02-23,-0.0024999999999999996,-0.0039,0.013499999999999998,0.0045
2018-02-26,0.0018000000000000013,-0.0031999999999999997,-0.0026,0.0116
2018-02-27,0.0002999999999999999,0.001599999999999999,0.0279,-0.0144
2018-02-28,0.0017999999999999995,0.0132,-0.011200000000000002,-0.0087
2018-03-01,-0.0008000000000000004,0.009,-0.0129,0.0063
2018-03-02,0.0005999999999999998,0.0086,0.0185,-0.0081
2018-03-05,-0.0023,-0.0046,0.0015,0.0004
2018-03-06,0.0014999999999999996,-0.0026999999999999993,-0.008199999999999999,0.0121
2018-03-07,0.0009000000000000006,0.0024000000000000002,0.014100000000000001,-0.0074
2018-03-08,0.0005999999999999998,0.002400000000000001,-0.0224,0.0101
2018-03-09,0.0011000000000000003,-0.0004000000000000002,0.0020999999999999994,0.0077
2018-03-12,0.0066,0.001,0.0187,0.0046
2018-03-13,0.0034000000000000002,0.005000000000000001,0.0092,-0.0088
2018-03-14,-0.0031999999999999997,0.0006000000000000003,-0.0050999999999999995,-0.0044
2018-03-15,-0.0013,0.0008999999999999998,-0.0139,0.0056
2018-03-16,-0.0037,-0.0049,0.0186,-0.0097
2018-03-19,-0.003,-0.0023000000000000004,-0.016300000000000002,0.0044
2018-03-20,0.0029000000000000002,0.0103,-0.0055000000000000005,0.0008
2018-03-21,-0.0026999999999999993,-0.004899999999999999,0.0165,-0.0041
2018-03-22,-0.0023,-0.002999999999999999,-0.00020000000000000052,-0.01
2018-03-23,-0.0103,0.0241,-0.0142,-0.0287
2018-03-26,0.014499999999999999,0.0288,-0.014000000000000002,-0.0064
2018-03-27,0.011,-0.0018000000000000004,0.0224,0.0086
2018-03-28,0.0024999999999999988,0.016,0.0056999999999999985,-0.018
2018-03-29,0.002,-0.0036000000000000008,-0.016300000000000002,0.0134
2018-03-30,0.0034999999999999996,0.004699999999999999,0.0050999999999999995,0.0011
2018-04-02,0.0039,0.0013000000000000002,0.0114,-0.003
2018-04-03,-0.0026,0.0109,-0.0149,-0.0063
2018-04-04,-0.0024999999999999996,-0.0069,0.008400000000000001,-0.002
2018-04-09,0.00020000000000000004,0.0024000000000000002,-0.0115,-0.0005
2018-04-10,-0.0028000000000000004,-0.005500000000000001,-0.015100000000000002,0.0193
2018-04-11,0.0051,0.001,0.0176,0.0028
2018-04-12,0.004399999999999999,0.0065,0.006999999999999999,-0.0101
2018-04-13,0.0009000000000000006,-0.003899999999999999,0.0067,-0.0071
2018-04-16,0.003299999999999999,0.0048000000000000004,0.0057,-0.0161
2018-04-17,-0.006599999999999998,-0.007199999999999998,0.001100000000000002,-0.0158
2018-04-18,0.0068,-0.0016000000000000003,-0.0248,0.0047
2018-04-19,0.0023,0.0010000000000000009,-0.019299999999999998,0.0121
2018-04-20,-0.010400000000000001,-0.006199999999999999,0.0187,-0.0134
2018-04-23,-0.0077,-0.006999999999999999,-0.0176,0.0015
2018-04-24,-0.0011999999999999997,-0.00040000000000000105,-0.0327,0.0205
2018-04-25,0.0042,0.0072,0.0218,-0.0038
2018-04-26,-0.0017000000000000001,0.0011000000000000003,0.0169,-0.0191
2018-04-27,0.0019999999999999996,-0.0029000000000000002,-0.0141,0.0004
2018-05-02,-0.0039,-0.0036,-0.0023,0.0018
2018-05-03,0.0022000000000000006,0.004200000000000001,-0.012199999999999999,0.0078
2018-05-04,0.0016999999999999997,0.004399999999999999,0.0149,-0.0049
2018-05-07,-0.0005000000000000022,-0.0018000000000000013,-0.015100000000000002,0.0158
2018-05-08,-0.004499999999999999,-0.004499999999999999,0.005500000000000001,0.0116
2018-05-09,-0.0009000000000000002,-0.0002999999999999999,0.0093,-0.0018
2018-05-10,-0.0008999999999999998,-0.0031,-0.0022999999999999995,0.0055
2018-05-11,-0.0022000000000000006,-0.003300000000000001,0.006999999999999999,-0.0052
2018-05-14,-0.0038000000000000004,-0.006200000000000001,-0.015,0.0094
2018-05-15,0.008400000000000001,0.0043,-0.0005,0.0038
2018-05-16,0.0046,0.0088,0.0099,-0.008
2018-05-17,0.0022000000000000006,0.0015000000000000005,0.008400000000000001,-0.0074
2018-05-18,0.0008000000000000004,0.000700000000000001,-0.0177,0.0101
2018-05-21,0.0050999999999999995,-0.0008000000000000004,0.0070999999999999995,0.0047
2018-05-22,0.0024000000000000002,0.0044,0.0032,-0.0038
2018-05-23,0.0036000000000000008,0.0049,0.014499999999999999,-0.0132
2018-05-24,0.0008000000000000004,0.0016000000000000007,-0.0078,-0.0071
2018-05-25,-0.0074,-0.004399999999999999,-0.0127,-0.0028
2018-05-28,-0.007,-0.0047,-0.0133,0.0044
2018-05-29,-0.0041,-0.0018999999999999998,0.0071,-0.0076
2018-05-30,-0.0015000000000000013,0.0133,-0.011600000000000003,-0.0212
2018-05-31,-0.0040999999999999995,-0.009,-0.0254,0.0212
2018-06-01,-0.004100000000000001,-0.0002999999999999999,0.0184,-0.0084
2018-06-04,-0.012799999999999999,-0.0141,-0.0112,0.0098
2018-06-05,0.0034999999999999996,0.002999999999999999,-0.0166,0.0099
2018-06-06,0.0010999999999999998,0.0040999999999999995,0.0129,-0.0021
2018-06-07,0.0015999999999999999,-0.0023,0.0111,-0.0017
2018-06-08,-0.0026,0.0011000000000000003,0.0017000000000000001,-0.0134
2018-06-11,-0.0056,-0.0031,-0.013699999999999999,0.0001
2018-06-12,0.005300000000000001,0.003299999999999999,-0.021900000000000003,0.0122
2018-06-13,-0.0014999999999999996,0.0024999999999999996,0.0156,-0.0098
2018-06-14,-0.0002999999999999999,0.0041,-0.0139,-0.004
2018-06-15,-0.005200000000000001,-0.0036,-0.0011999999999999997,-0.0053
2018-06-19,-0.013400000000000002,0.003599999999999999,0.0087,-0.0353
2018-06-20,0.0007000000000000001,0.008,-0.050699999999999995,0.004
2018-06-21,-0.006899999999999998,-0.005599999999999999,0.0268,-0.0117
2018-06-22,0.0085,0.014599999999999998,-0.0315,0.0044
2018-06-25,0.00040000000000000105,-0.0054,0.0365,-0.0134
2018-06-26,0.0006000000000000007,0.0149,-0.0295,-0.0082
2018-06-27,0.005199999999999998,0.004299999999999998,0.027299999999999998,-0.0203
2018-06-28,0.0038000000000000004,0.0077,-0.007099999999999999,-0.0103
2018-06-29,0.0019000000000000024,0.0012000000000000031,-0.033299999999999996,0.0255
2018-07-02,0.007800000000000001,0.009899999999999999,0.0553,-0.0293
2018-07-03,0.0072,0.0063,-0.028800000000000003,0.0004
2018-07-04,-0.0001999999999999988,0.0038000000000000013,0.0141,-0.0134
2018-07-05,-0.0089,-0.007299999999999999,-0.0159,-0.0063
2018-07-06,-0.0069,-0.0048,-0.0322,0.0068
2018-07-09,-0.002700000000000001,-0.0063,-0.0259,0.028
2018-07-10,0.0031,0.0030000000000000005,0.0213,0.0024
2018-07-11,-0.0015000000000000013,0.0141,0.0086,-0.0173
2018-07-12,0.0063,0.0051,-0.0216,0.0216
2018-07-13,0.0008999999999999998,-0.0021000000000000003,0.026,0.0033
2018-07-16,0.0031,0.0042,0.0073,-0.0059
2018-07-17,0.0020999999999999994,0.0014999999999999996,0.0045,-0.0065
2018-07-18,-0.0022000000000000006,-0.0025000000000000005,0.0070999999999999995,-0.0052
2018-07-19,-0.0054,-0.006200000000000001,-0.0074,-0.0009
2018-07-20,-0.0035000000000000014,-0.0026000000000000016,-0.0309,0.0188
2018-07-23,0.006799999999999999,0.009,0.007399999999999999,0.0094
2018-07-24,0.0023999999999999994,0.0051,0.0034999999999999996,0.0159
2018-07-25,-0.0023,-0.0034999999999999996,0.021500000000000002,-0.0011
2018-07-26,-0.0037,-0.0039000000000000007,0.012199999999999999,-0.0116
2018-07-27,-0.0007000000000000001,0.0013,-0.012400000000000001,-0.0042
2018-07-30,-0.006,-0.0040999999999999995,-0.007899999999999999,-0.0017
2018-07-31,0.0015,0.0023,-0.011399999999999999,0.0007
2018-08-01,0.0016000000000000007,0.0011000000000000003,0.0172,-0.02
2018-08-02,0.0013000000000000025,0.0039000000000000007,-0.0023999999999999994,-0.0222
2018-08-03,-0.0051,-0.0023999999999999994,-0.0079,-0.0165
2018-08-06,-0.0086,-0.0057,-0.015300000000000001,-0.0127
2018-08-07,-0.0022000000000000006,-0.0057,-0.054,0.0292
2018-08-08,-0.0016000000000000007,0.0023999999999999994,0.0382,-0.0161
2018-08-09,0.002999999999999999,0.006199999999999997,-0.0513,0.025
2018-08-10,0.004399999999999999,0.0054,0.0282,0.0022
2018-08-13,0.0063,0.0195,0.0015999999999999999,-0.0043
2018-08-14,-0.0023,-0.0004999999999999996,0.0165,-0.0051
2018-08-15,0.0009000000000000015,0.0011000000000000003,0.0221,-0.024
2018-08-16,-0.0018000000000000004,0.0133,-0.0356,-0.0046
2018-08-17,-0.0026000000000000016,-0.008799999999999999,0.0225,-0.0144
2018-08-20,-0.003300000000000001,-0.0036000000000000008,-0.0402,0.0117
2018-08-21,-9.99999999999994e-05,-0.0008000000000000021,-0.013500000000000002,0.0182
2018-08-22,-0.0011999999999999997,-0.0021999999999999997,0.0206,-0.0056
2018-08-23,0.0014999999999999996,0.0020999999999999994,-0.011,0.0037
2018-08-24,0.00039999999999999996,0.0007999999999999997,0.0045000000000000005,0.0016
2018-08-27,-0.002400000000000003,-0.003100000000000002,-0.0188,0.0244
2018-08-28,0.0025,0.0026,0.0264,-0.0019
2018-08-29,-0.004,-0.0004999999999999996,0.0011000000000000003,-0.004
2018-08-30,-0.0003999999999999993,0.0012000000000000014,0.0097,-0.0105
2018-08-31,0.00020000000000000052,0.0051,-0.0127,-0.005
2018-09-03,-0.0006999999999999997,0.0036,-0.006700000000000001,-0.0038
2018-09-04,-0.0008999999999999998,-0.0006999999999999992,-0.0129,0.0127
2018-09-05,0.003300000000000001,0.006699999999999999,0.0269,-0.0195
2018-09-06,0.0002999999999999999,0.0042,-0.006,-0.0107
2018-09-07,-9.99999999999994e-05,-0.0043,-0.0113,0.0045
2018-09-10,-0.002899999999999998,-0.0014000000000000002,0.0126,-0.0145
2018-09-11,-0.0036000000000000003,-0.0028,-0.0233,-0.0018
2018-09-12,0.0018999999999999998,0.0031999999999999997,0.0052,-0.0069
2018-09-13,-0.0029,-0.0145,-0.008700000000000001,0.0108
2018-09-14,-0.0052,-0.0057,-0.0034999999999999996,0.0017
2018-09-17,-0.0034999999999999996,0.0031999999999999997,-0.0002999999999999999,-0.0115
2018-09-18,0.002100000000000001,0.0063999999999999994,-0.0412,0.0201
2018-09-19,0.002,0.005899999999999999,0.008900000000000002,0.0132
2018-09-20,-0.0018999999999999998,-0.0007,0.0184,-0.0007
2018-09-21,-0.003100000000000002,-0.004300000000000002,-0.03,0.0303
2018-09-25,0.001599999999999999,0.012299999999999998,0.0279,-0.009
2018-09-26,0.0004999999999999987,-0.0018000000000000013,-0.0048000000000000004,0.0111
2018-09-27,-0.006999999999999999,-0.0079,0.0134,-0.004
2018-09-28,0.004100000000000001,0.002400000000000001,-0.0211,0.0104
2018-10-08,0.005699999999999997,0.027099999999999996,0.0329,-0.043
2018-10-09,0.0,-0.0009000000000000001,-0.0205,-0.0007
2018-10-10,0.0004000000000000002,-0.0029000000000000002,-0.004699999999999999,-0.0022
2018-10-11,-0.010999999999999996,0.021500000000000002,0.0039000000000000007,-0.048
2018-10-12,-0.0142,-0.009600000000000001,-0.0524,0.0149
2018-10-15,-0.0049,-0.004999999999999999,0.0182,-0.014
2018-10-16,-0.015200000000000002,-0.0156,-0.0143,-0.0081
2018-10-17,0.0076,-0.0079,-0.0239,0.0056
2018-10-18,0.001299999999999999,0.008299999999999998,-0.00030000000000000165,-0.0237
2018-10-19,0.0019000000000000024,0.0159,-0.07,0.0297
2018-10-22,0.005499999999999998,-0.003700000000000002,0.012799999999999999,0.0432
2018-10-23,0.008799999999999999,0.0014999999999999979,0.08349999999999999,-0.0266
2018-10-24,-0.0024000000000000002,0.0081,-0.038,0.0015
2018-10-25,-0.0026,0.028800000000000003,-0.0309,0.0019
2018-10-26,0.0002999999999999999,-0.005700000000000001,0.0422,-0.0065
2018-10-29,0.003199999999999998,0.007799999999999998,0.0168,-0.0305
2018-10-30,-0.00010000000000000113,0.006099999999999998,-0.04240000000000001,0.0108
2018-10-31,0.0008000000000000004,0.0003999999999999993,0.005099999999999999,0.014
2018-11-01,0.0031000000000000003,-0.0064,0.015300000000000001,0.0074
2018-11-02,0.00010000000000000286,-0.0235,-0.008400000000000001,0.0356
2018-11-05,0.0042,0.0073,0.0229,-0.0083
2018-11-06,0.0062,0.0053,0.0087,-0.006
2018-11-07,-0.0018000000000000004,-0.0011000000000000003,0.0056,-0.0065
2018-11-08,-0.004699999999999999,-0.012,0.0035,-0.0028
2018-11-09,0.011,0.0174,-0.0124,-0.0141
2018-11-12,0.0081,0.009999999999999998,-0.014400000000000001,0.0119
2018-11-13,0.0013000000000000008,0.0141,-0.0011000000000000003,0.0101
2018-11-14,0.0019000000000000006,0.0051,0.0351,-0.01
2018-11-15,0.003999999999999998,0.006199999999999999,-0.0191,0.0117
2018-11-16,0.0030999999999999995,0.0024999999999999996,0.013500000000000002,0.0047
2018-11-19,-0.0002999999999999999,0.00040000000000000105,-0.0050999999999999995,0.0113
2018-11-20,-0.003700000000000002,0.005299999999999999,0.027,-0.0231
2018-11-21,-0.0016,0.0092,-0.0326,0.0025
2018-11-22,0.0011000000000000003,-0.0014000000000000002,0.0259,-0.0037
2018-11-23,-0.008999999999999998,-0.0072999999999999975,0.018600000000000002,-0.0221
2018-11-26,-0.003,-0.0012000000000000001,-0.0305,-0.0007
2018-11-27,0.0052,-0.0025,0.0018,-0.0013
2018-11-28,0.0017000000000000001,0.0008000000000000004,-0.0166,0.0133
2018-11-29,-0.004999999999999999,-0.009100000000000002,0.0344,-0.013
2018-11-30,0.0040999999999999995,0.0060999999999999995,-0.0381,0.0112
2018-12-03,0.003599999999999999,-0.0255,0.016600000000000004,0.0278
2018-12-04,-9.999999999999983e-05,0.0020000000000000005,-0.0017,0.0021
2018-12-05,0.0014999999999999996,0.0166,-0.0059,-0.0048
2018-12-06,-0.0002999999999999982,0.006700000000000001,0.0288,-0.0216
2018-12-07,-0.0032,-0.0027,-0.0181,-0.0
2018-12-10,-0.0022000000000000006,0.005399999999999999,0.0009999999999999992,-0.0116
2018-12-11,0.0005000000000000004,-0.0022999999999999995,-0.0085,0.0048
2018-12-12,0.0005,-0.0058,0.0045000000000000005,0.0034
2018-12-13,-0.0011999999999999997,-0.005299999999999999,-0.0119,0.0155
2018-12-14,-0.0023,0.0010000000000000009,0.0293,-0.0167
2018-12-17,-0.0017000000000000001,0.0025,-0.0207,-0.0015
2018-12-18,0.0001999999999999988,0.0060999999999999995,0.0036,-0.0104
2018-12-19,-0.0009999999999999992,-0.0019999999999999983,0.0094,-0.0119
2018-12-20,0.0034000000000000002,0.0077,-0.011999999999999999,-0.0077
2018-12-21,0.003299999999999999,0.0086,0.0059,-0.0124
2018-12-24,0.0023,0.006200000000000001,-0.0155,0.0029
2018-12-25,-0.0019000000000000006,0.0079,0.0031999999999999997,-0.0069
2018-12-26,0.00020000000000000052,0.0009000000000000006,0.0016000000000000003,-0.0051
2018-12-27,-0.0039000000000000003,-0.0168,0.0136,-0.0038
2018-12-28,-0.0011000000000000003,-0.0005999999999999998,-0.0324,0.0067
2019-01-02,0.002100000000000001,-0.003199999999999998,0.0199,-0.0137
2019-01-03,-0.007699999999999999,-0.0054,-0.022699999999999998,-0.0016
2019-01-04,0.004400000000000001,0.015399999999999997,-0.0446,0.024
2019-01-07,0.007799999999999999,-0.0013000000000000008,0.045399999999999996,0.0061
2019-01-08,0.0017000000000000001,0.0041,0.0057,-0.0022
2019-01-09,-0.0049,-0.0072,-0.005699999999999999,0.0101
2019-01-10,-0.0044,-0.005,0.0023,-0.0019
2019-01-11,-0.0027999999999999995,-0.0057,-0.010499999999999999,0.0072
2019-01-14,0.0003999999999999993,0.0004999999999999987,0.011,-0.0087
2019-01-15,-0.0034000000000000002,-0.0040999999999999995,-0.0283,0.0196
2019-01-16,-0.0043,-0.0036,0.0252,0.0002
2019-01-17,-0.00020000000000000052,0.00019999999999999966,0.0010999999999999994,-0.0055
2019-01-18,-0.0023,-0.005000000000000001,-0.025300000000000003,0.0182
2019-01-21,0.005900000000000001,0.003300000000000001,0.0113,0.0055
2019-01-22,0.0007999999999999986,0.0017000000000000001,0.0187,-0.0133
2019-01-23,-0.0024,0.0003,-0.0148,-0.0007
2019-01-24,-0.0028,-0.0018999999999999998,-0.007,0.0056
2019-01-25,-0.006,-0.006999999999999999,-0.0026999999999999993,0.0081
2019-01-28,-0.003,-0.0098,0.0069,-0.0002
2019-01-29,-0.006500000000000001,-0.0034000000000000002,-0.016900000000000002,0.0032
2019-01-30,0.0011000000000000003,0.006500000000000001,0.0032000000000000006,-0.008
2019-01-31,-0.0173,-0.016800000000000002,-0.0203,0.0105
2019-02-01,0.0087,0.0009999999999999992,-0.013900000000000001,0.0143
2019-02-11,0.0069,0.005499999999999998,0.003799999999999998,0.0182
2019-02-12,0.0039000000000000007,0.0045000000000000005,0.020700000000000003,0.0072
2019-02-13,0.005600000000000001,0.0028000000000000004,-0.0011000000000000003,0.02
2019-02-14,-0.0005,-0.0007,0.029699999999999997,0.0015
2019-02-15,0.007799999999999998,0.009999999999999998,0.022799999999999997,-0.0186
2019-02-18,0.0024000000000000063,-0.0049999999999999975,-0.029199999999999997,0.0321
2019-02-19,0.005900000000000001,0.001,0.0402,-0.0018
2019-02-20,-0.0005,-0.0010999999999999998,-0.006999999999999999,0.0036
2019-02-21,0.0033,0.0021000000000000003,0.0073,-0.0027
2019-02-22,0.007300000000000001,0.006999999999999999,-0.0195,0.0225
2019-02-25,0.0021000000000000046,-0.018999999999999996,-0.004799999999999999,0.0595
2019-02-26,0.0162,0.006200000000000001,0.060200000000000004,-0.012
2019-02-27,0.0012,0.0018,-0.0056,-0.0017
2019-02-28,0.0009,0.0024000000000000002,0.0025,-0.0025
2019-03-01,-0.0045000000000000005,-0.0101,-0.0208,0.0219
2019-03-04,0.0095,-0.0014000000000000002,0.0078,0.0118
2019-03-05,0.0125,0.015099999999999999,0.0046,0.0058
2019-03-06,0.008100000000000001,0.0005999999999999998,0.021400000000000002,0.0084
2019-03-07,0.0184,0.013000000000000001,0.0352,-0.0102
2019-03-08,-0.006400000000000003,0.0173,0.012299999999999998,-0.0397
2019-03-11,0.0049999999999999975,0.005299999999999999,-0.0464,0.0198
2019-03-12,0.0068,-0.0011999999999999997,0.0335,0.0068
2019-03-13,-0.011500000000000002,-0.0117,0.0179,-0.0083
2019-03-14,-0.0126,-0.0052,-0.0161,-0.0069
2019-03-15,-9.99999999999994e-05,-0.0056,-0.0157,0.0126
2019-03-18,-0.0016000000000000007,-0.0034999999999999996,-0.0235,0.0285
2019-03-19,0.0007999999999999999,-0.0002999999999999999,0.0384,-0.0046
2019-03-20,-0.0021,0.0006000000000000001,-0.0043,0.0004
2019-03-21,0.0068,0.0037999999999999996,0.0042,0.0004
2019-03-22,0.0,-0.00019999999999999998,0.006500000000000001,-0.0008
2019-03-25,0.0069,0.021599999999999998,0.0162,-0.0237
2019-03-26,-0.004700000000000001,-0.0107,0.0154,-0.0113
2019-03-27,0.00010000000000000113,-0.007599999999999999,-0.029599999999999998,0.0116
2019-03-28,-0.0037999999999999996,-0.0024000000000000002,0.008799999999999999,-0.004
2019-03-29,-0.0033000000000000043,-0.004900000000000002,-0.042,0.0386
2019-04-01,0.005600000000000001,-0.003100000000000002,0.0175,0.0262
2019-04-02,0.0040999999999999995,-0.0015999999999999999,0.037,-0.0007
2019-04-03,0.0014999999999999996,0.006199999999999999,-0.018000000000000002,0.0128
2019-04-04,-0.0031000000000000003,-0.011300000000000001,0.0293,0.01
2019-04-08,-0.004200000000000001,-0.015099999999999999,0.0137,-0.0012
2019-04-09,-0.0046,-0.0043,-0.0161,0.0045
2019-04-10,-0.006,-0.0010999999999999998,-0.0026999999999999997,0.0026
2019-04-11,0.0007000000000000027,0.0013000000000000025,0.0314,-0.0216
2019-04-12,0.0049,0.0075,-0.0216,-0.0022
2019-04-15,-0.0091,-0.0254,0.0229,-0.0033
2019-04-16,-0.0014999999999999979,0.0028000000000000004,-0.059300000000000005,0.0277
2019-04-17,0.0043,0.0043,0.0269,0.0004
2019-04-18,0.0005,0.00030000000000000035,0.0189,-0.0037
2019-04-19,-0.005900000000000001,-0.005900000000000001,-0.009500000000000001,0.0119
2019-04-22,0.0023999999999999994,-0.0005999999999999998,0.0361,-0.0231
2019-04-23,-0.0042,-0.0043,-0.0232,-0.0016
2019-04-24,0.0026999999999999997,0.0015,-0.0084,0.0028
2019-04-25,-0.0057,-0.0011000000000000003,0.0222,-0.0219
2019-04-26,0.0029,0.0065,-0.012400000000000001,-0.0133
2019-04-29,-0.0188,-0.0197,-0.0122,0.0028
2019-04-30,0.0036,0.009600000000000001,-0.0239,0.0033
2019-05-06,-0.010299999999999997,0.0287,0.025099999999999997,-0.0584
2019-05-07,0.0031999999999999997,-0.0008000000000000004,-0.04239999999999999,0.0098
2019-05-08,0.006,0.0269,0.0013000000000000008,-0.0143
2019-05-09,0.0019999999999999983,0.012799999999999999,0.019799999999999998,-0.0185
2019-05-10,-0.003599999999999999,-0.014199999999999997,-0.0337,0.0363
2019-05-13,-0.0016000000000000007,0.012900000000000002,0.0251,-0.0165
2019-05-14,0.001,0.011800000000000001,-0.0121,-0.0064
2019-05-15,-0.0034000000000000002,-0.0101,-0.008299999999999998,0.0225
2019-05-16,0.006900000000000001,0.0104,0.005400000000000001,0.0045
2019-05-17,-0.0038000000000000013,-0.005500000000000001,0.039,-0.0254
2019-05-20,-0.0037999999999999996,0.0002999999999999999,-0.029899999999999996,-0.0085
2019-05-21,0.009300000000000001,0.007899999999999999,-0.0278,0.0135
2019-05-22,-0.00019999999999999966,-0.0018999999999999998,0.0265,-0.0047
2019-05-23,-0.0017000000000000001,0.0010000000000000009,0.0127,-0.0179
2019-05-24,-0.0038,-0.0005999999999999998,-0.020900000000000002,0.0028
2019-05-27,0.0108,0.008899999999999998,-0.0118,0.012
2019-05-28,-0.003299999999999999,-0.002299999999999999,0.007000000000000001,0.0096
2019-05-29,0.0007999999999999999,0.0078,0.0078,-0.0023
2019-05-30,-0.0033999999999999994,0.0040999999999999995,0.0084,-0.0062
2019-05-31,0.0038,0.0035,0.0019,-0.0031
2019-06-03,-0.0055,-0.010199999999999999,0.0015,0.0006
2019-06-04,0.0017999999999999995,0.0015999999999999999,-0.0013000000000000008,-0.0092
2019-06-05,-0.0024999999999999996,-0.0119,-0.0031,-0.0004
2019-06-06,-0.006,-0.004,-0.007899999999999999,-0.009
2019-06-10,-0.0054,-0.008400000000000001,-0.025,0.0129
2019-06-11,0.0023,0.0045000000000000005,-0.0278,0.0301
2019-06-12,0.00010000000000000026,0.0024999999999999996,0.042300000000000004,-0.0076
2019-06-13,0.0018,0.005,-0.002,-0.0015
2019-06-14,-0.0077,-0.007299999999999999,0.0143,-0.0083
2019-06-17,-0.0006,-0.0009,-0.0131,-0.0
2019-06-18,-0.002,-0.004,-0.0024000000000000002,0.0035
2019-06-19,0.0014000000000000002,-0.0283,0.0158,0.0132
2019-06-20,-0.004699999999999999,-0.002999999999999999,-0.0474,0.0303
2019-06-21,0.0092,0.0048,0.0325,0.0014
2019-06-24,0.0019,0.00030000000000000014,0.0044,0.0019
2019-06-25,0.005399999999999999,0.0066,0.010499999999999999,-0.0104
2019-06-26,-0.0014000000000000002,0.0087,-0.0121,-0.0018
2019-06-27,-0.0048,-0.004299999999999999,-0.004299999999999999,0.0107
2019-06-28,-0.0028,0.00019999999999999966,0.0081,-0.0024
2019-07-01,-0.0019999999999999983,-0.0209,-0.011,0.0288
2019-07-02,0.0018,0.0006000000000000001,0.0109,0.0003
2019-07-03,0.004600000000000001,0.0081,0.0131,-0.0111
2019-07-04,0.0018,0.0002999999999999999,-0.002,-0.0052
2019-07-05,-0.004399999999999999,-0.005,-0.0095,0.0052
2019-07-08,-0.007600000000000003,-0.004,0.0202,-0.0232
2019-07-09,0.0044,0.0072,-0.0256,-0.0025
2019-07-10,-0.003,-0.0054,0.0064,-0.0017
2019-07-11,-0.00019999999999999993,-0.0062,-0.0031,-0.0004
2019-07-12,0.0013,0.0011000000000000003,-0.014700000000000001,0.0062
2019-07-15,0.005199999999999999,0.009499999999999998,-0.0008000000000000004,0.0041
2019-07-16,0.0059,0.0085,0.0086,-0.0045
2019-07-17,0.0012,0.0014,0.0010999999999999998,-0.0006
2019-07-18,-0.0058,-0.0016000000000000007,0.0085,-0.0095
2019-07-19,-0.0016000000000000007,-0.004300000000000001,-0.0187,0.0105
2019-07-22,-0.008799999999999999,-0.0092,0.0162,-0.0069
2019-07-23,0.0036999999999999997,0.0054,-0.020900000000000002,0.0022
2019-07-24,0.0034999999999999996,9.99999999999994e-05,0.0010999999999999985,0.0079
2019-07-25,9.99999999999994e-05,0.0004999999999999987,9.99999999999994e-05,0.0082
2019-07-26,-0.0002000000000000001,0.0034000000000000002,0.0045000000000000005,0.0019
2019-07-29,-0.0034999999999999996,-0.003,0.008,-0.0011
2019-07-30,0.0050999999999999995,0.003700000000000001,-0.005399999999999999,0.0042
2019-07-31,0.0007999999999999986,0.003999999999999999,0.0107,-0.009
