,600000,600004,600009,600010,600011
2015-01-01,0,0,0,0,0
2015-01-02,0,0,0,0,0
2015-01-03,0,0,0,0,0
2015-01-04,0,0,0,0,0
2015-01-05,224,32,11,0,46
2015-01-06,149,13,4,0,15
2015-01-07,90,11,10,0,18
2015-01-08,73,5,7,0,17
2015-01-09,105,9,4,0,32
2015-01-10,0,0,0,0,0
2015-01-11,0,0,0,0,0
2015-01-12,191,8,8,0,41
2015-01-13,88,15,7,0,26
2015-01-14,102,10,5,0,16
2015-01-15,72,8,8,0,17
2015-01-16,105,6,11,0,18
2015-01-17,0,0,0,0,0
2015-01-18,0,0,0,0,0
2015-01-19,237,25,22,0,32
2015-01-20,244,9,3,0,41
2015-01-21,154,8,6,0,11
2015-01-22,116,6,9,0,13
2015-01-23,93,11,7,0,29
2015-01-24,0,0,0,0,0
2015-01-25,0,0,0,0,0
2015-01-26,163,9,24,0,29
2015-01-27,128,5,13,0,16
2015-01-28,133,8,6,0,18
2015-01-29,116,2,7,0,21
2015-01-30,158,7,8,0,22
2015-01-31,0,0,0,0,0
2015-02-01,0,0,0,0,0
2015-02-02,216,12,5,0,22
2015-02-03,122,5,6,0,20
2015-02-04,88,5,4,0,13
2015-02-05,173,4,6,0,18
2015-02-06,108,4,4,0,82
2015-02-07,0,0,0,0,0
2015-02-08,0,0,0,0,0
2015-02-09,173,12,3,0,78
2015-02-10,61,10,4,0,25
2015-02-11,41,5,5,0,13
2015-02-12,63,8,3,0,1
2015-02-13,87,26,3,0,9
2015-02-14,0,0,0,0,0
2015-02-15,0,0,0,0,0
2015-02-16,149,12,18,0,20
2015-02-17,71,7,5,0,22
2015-02-18,0,0,0,0,0
2015-02-19,0,0,0,0,0
2015-02-20,0,0,0,0,0
2015-02-21,0,0,0,0,0
2015-02-22,0,0,0,0,0
2015-02-23,0,0,0,0,0
2015-02-24,0,0,0,0,0
2015-02-25,222,7,6,0,24
2015-02-26,56,4,5,0,10
2015-02-27,66,4,3,0,14
2015-02-28,0,0,0,0,0
2015-03-01,0,0,0,0,0
2015-03-02,187,5,10,0,22
2015-03-03,71,5,1,0,21
2015-03-04,108,11,4,0,34
2015-03-05,107,4,7,0,17
2015-03-06,126,4,3,0,25
2015-03-07,0,0,0,0,0
2015-03-08,0,0,0,0,0
2015-03-09,230,12,9,0,34
2015-03-10,119,8,7,0,18
2015-03-11,76,4,14,0,23
2015-03-12,110,9,44,0,14
2015-03-13,116,14,21,0,16
2015-03-14,0,0,0,0,0
2015-03-15,0,0,0,0,0
2015-03-16,156,13,30,0,120
2015-03-17,105,9,16,0,30
2015-03-18,111,8,6,0,18
2015-03-19,268,14,9,0,13
2015-03-20,90,9,5,0,32
2015-03-21,0,0,0,0,0
2015-03-22,0,0,0,0,0
2015-03-23,189,17,23,0,38
2015-03-24,104,6,5,0,19
2015-03-25,133,30,5,0,70
2015-03-26,133,13,11,0,54
2015-03-27,80,13,3,0,29
2015-03-28,0,0,0,0,0
2015-03-29,0,0,0,0,0
2015-03-30,172,29,12,0,32
2015-03-31,105,59,19,0,19
2015-04-01,149,12,11,0,19
2015-04-02,145,10,10,0,27
2015-04-03,148,10,6,0,22
2015-04-04,0,0,0,0,0
2015-04-05,0,0,0,0,0
2015-04-06,0,0,0,0,0
2015-04-07,275,22,14,0,56
2015-04-08,117,8,7,0,40
2015-04-09,129,10,11,0,68
2015-04-10,101,16,16,0,30
2015-04-11,0,0,0,0,0
2015-04-12,0,0,0,0,0
2015-04-13,238,17,24,0,59
2015-04-14,145,11,15,0,33
2015-04-15,93,16,16,0,41
2015-04-16,140,12,11,0,34
2015-04-17,145,13,16,0,32
2015-04-18,0,0,0,0,0
2015-04-19,0,0,0,0,0
2015-04-20,389,24,28,0,51
2015-04-21,213,10,31,0,36
2015-04-22,155,21,9,0,84
2015-04-23,131,17,7,0,108
2015-04-24,198,11,8,0,83
2015-04-25,0,0,0,0,0
2015-04-26,0,0,0,0,0
2015-04-27,282,12,14,0,57
2015-04-28,106,3,14,0,48
2015-04-29,146,6,7,0,46
2015-04-30,323,13,8,0,62
2015-05-01,0,0,0,0,0
2015-05-02,0,0,0,0,0
2015-05-03,0,0,0,0,0
2015-05-04,288,32,13,0,74
2015-05-05,118,15,9,0,68
2015-05-06,204,15,4,0,68
2015-05-07,125,12,16,0,80
2015-05-08,120,10,7,0,67
2015-05-09,0,0,0,0,0
2015-05-10,0,0,0,0,0
2015-05-11,401,11,17,0,87
2015-05-12,142,11,14,0,30
2015-05-13,154,14,18,0,33
2015-05-14,146,8,22,0,41
2015-05-15,132,14,9,0,36
2015-05-16,0,0,0,0,0
2015-05-17,0,0,0,0,0
2015-05-18,246,15,13,0,95
2015-05-19,193,11,7,0,32
2015-05-20,94,11,45,0,26
2015-05-21,103,17,31,0,29
2015-05-22,107,14,32,0,53
2015-05-23,0,0,0,0,0
2015-05-24,0,0,0,0,0
2015-05-25,181,15,33,0,53
2015-05-26,100,12,23,0,12
2015-05-27,119,11,22,0,49
2015-05-28,141,15,20,0,48
2015-05-29,182,18,14,0,58
2015-05-30,0,0,0,0,0
2015-05-31,0,0,0,0,0
2015-06-01,243,15,21,0,81
2015-06-02,111,11,9,0,62
2015-06-03,167,21,18,0,60
2015-06-04,85,15,10,0,53
2015-06-05,117,9,9,0,57
2015-06-06,0,0,0,0,0
2015-06-07,0,0,0,0,0
2015-06-08,255,12,43,0,44
2015-06-09,65,8,14,0,37
2015-06-10,65,5,15,0,41
2015-06-11,63,17,18,0,75
2015-06-12,61,47,14,0,134
2015-06-13,0,0,0,0,0
2015-06-14,0,0,0,0,0
2015-06-15,166,13,29,0,160
2015-06-16,104,20,24,0,43
2015-06-17,280,8,46,0,44
2015-06-18,323,14,22,0,70
2015-06-19,178,14,28,0,48
2015-06-20,0,0,0,0,0
2015-06-21,0,0,0,0,0
2015-06-22,0,0,0,0,0
2015-06-23,420,26,41,0,50
2015-06-24,114,17,7,0,26
2015-06-25,121,12,7,0,71
2015-06-26,116,22,20,0,53
2015-06-27,0,0,0,0,0
2015-06-28,0,0,0,0,0
2015-06-29,255,16,20,0,102
2015-06-30,111,14,13,0,47
2015-07-01,76,5,5,0,54
2015-07-02,154,11,11,0,73
2015-07-03,147,14,9,0,84
2015-07-04,0,0,0,0,0
2015-07-05,0,0,0,0,0
2015-07-06,346,28,11,0,153
2015-07-07,116,16,10,0,60
2015-07-08,128,34,14,0,43
2015-07-09,182,29,18,0,98
2015-07-10,80,12,14,0,25
2015-07-11,0,0,0,0,0
2015-07-12,0,0,0,0,0
2015-07-13,230,18,16,0,40
2015-07-14,105,13,9,0,43
2015-07-15,78,12,17,0,56
2015-07-16,85,16,15,0,37
2015-07-17,71,8,7,0,27
2015-07-18,0,0,0,0,0
2015-07-19,0,0,0,0,0
2015-07-20,151,11,15,0,32
2015-07-21,73,5,12,0,20
2015-07-22,80,14,10,0,19
2015-07-23,97,7,11,0,21
2015-07-24,62,7,7,0,32
2015-07-25,0,0,0,0,0
2015-07-26,0,0,0,0,0
2015-07-27,132,15,12,0,21
2015-07-28,158,11,14,0,20
2015-07-29,69,4,9,0,20
2015-07-30,62,5,6,0,18
2015-07-31,103,7,6,0,23
2015-08-01,0,0,0,0,0
2015-08-02,0,0,0,0,0
2015-08-03,133,12,11,0,18
2015-08-04,54,6,14,0,18
2015-08-05,40,4,7,0,10
2015-08-06,57,6,12,0,16
2015-08-07,98,9,11,0,8
2015-08-08,0,0,0,0,0
2015-08-09,0,0,0,0,0
2015-08-10,83,7,13,0,32
2015-08-11,34,1,10,0,13
2015-08-12,43,0,8,0,12
2015-08-13,48,4,6,0,11
2015-08-14,65,6,8,0,13
2015-08-15,0,0,0,0,0
2015-08-16,0,0,0,0,0
2015-08-17,97,7,8,0,27
2015-08-18,44,25,9,0,13
2015-08-19,90,6,8,0,16
2015-08-20,97,16,5,0,16
2015-08-21,88,8,9,0,16
2015-08-22,0,0,0,0,0
2015-08-23,0,0,0,0,0
2015-08-24,203,13,11,0,14
2015-08-25,113,2,7,0,16
2015-08-26,123,6,11,0,37
2015-08-27,95,2,12,0,26
2015-08-28,82,6,14,0,8
2015-08-29,0,0,0,0,0
2015-08-30,0,0,0,0,0
2015-08-31,131,3,11,0,17
2015-09-01,84,4,4,0,4
2015-09-02,95,2,5,0,21
2015-09-03,0,0,0,0,0
2015-09-04,0,0,0,0,0
2015-09-05,0,0,0,0,0
2015-09-06,0,0,0,0,0
2015-09-07,168,10,8,0,36
2015-09-08,80,15,16,0,35
2015-09-09,68,3,8,0,9
2015-09-10,80,5,8,0,9
2015-09-11,97,3,8,0,4
2015-09-12,0,0,0,0,0
2015-09-13,0,0,0,0,0
2015-09-14,257,5,16,0,15
2015-09-15,90,5,11,0,8
2015-09-16,51,3,4,0,7
2015-09-17,59,8,13,0,14
2015-09-18,46,9,6,0,3
2015-09-19,0,0,0,0,0
2015-09-20,0,0,0,0,0
2015-09-21,86,13,6,0,18
2015-09-22,42,5,6,0,2
2015-09-23,30,4,2,0,7
2015-09-24,40,1,5,0,6
2015-09-25,25,6,11,0,7
2015-09-26,0,0,0,0,0
2015-09-27,0,0,0,0,0
2015-09-28,88,6,2,0,10
2015-09-29,67,3,3,0,5
2015-09-30,67,2,3,0,1
2015-10-01,0,0,0,0,0
2015-10-02,0,0,0,0,0
2015-10-03,0,0,0,0,0
2015-10-04,0,0,0,0,0
2015-10-05,0,0,0,0,0
2015-10-06,0,0,0,0,0
2015-10-07,0,0,0,0,0
2015-10-08,234,5,4,0,6
2015-10-09,123,1,3,0,1
2015-10-10,0,0,0,0,0
2015-10-11,0,0,0,0,0
2015-10-12,93,0,14,0,4
2015-10-13,55,1,61,0,4
2015-10-14,33,6,1,0,5
2015-10-15,36,4,9,0,3
2015-10-16,35,4,9,0,3
2015-10-17,0,0,0,0,0
2015-10-18,0,0,0,0,0
2015-10-19,50,7,17,0,7
2015-10-20,29,6,3,0,10
2015-10-21,20,4,3,0,31
2015-10-22,29,9,3,0,21
2015-10-23,23,10,7,0,15
2015-10-24,0,0,0,0,0
2015-10-25,0,0,0,0,0
2015-10-26,129,5,10,0,19
2015-10-27,24,5,5,0,13
2015-10-28,36,3,11,0,22
2015-10-29,61,7,9,0,12
2015-10-30,65,0,4,0,9
2015-10-31,0,0,0,0,0
2015-11-01,0,0,0,0,0
2015-11-02,80,22,1,0,18
2015-11-03,35,8,8,0,12
2015-11-04,38,0,4,0,9
2015-11-05,56,4,6,0,26
2015-11-06,57,16,5,0,10
2015-11-07,0,0,0,0,0
2015-11-08,0,0,0,0,0
2015-11-09,124,6,7,0,12
2015-11-10,90,5,5,0,14
2015-11-11,93,9,86,0,7
2015-11-12,62,5,6,0,10
2015-11-13,60,8,7,0,11
2015-11-14,0,0,0,0,0
2015-11-15,0,0,0,0,0
2015-11-16,93,13,8,0,22
2015-11-17,34,4,9,0,16
2015-11-18,29,5,6,0,9
2015-11-19,34,9,12,0,14
2015-11-20,35,3,9,0,14
2015-11-21,0,0,0,0,0
2015-11-22,0,0,0,0,0
2015-11-23,102,12,13,0,18
2015-11-24,102,6,5,0,15
2015-11-25,51,13,4,29,21
2015-11-26,131,12,13,24,10
2015-11-27,51,9,8,24,13
2015-11-28,0,0,0,0,0
2015-11-29,0,0,0,0,0
2015-11-30,115,5,5,52,15
2015-12-01,44,3,3,28,8
2015-12-02,34,15,3,30,7
2015-12-03,71,6,5,33,18
2015-12-04,48,7,5,29,19
2015-12-05,0,0,0,0,0
2015-12-06,0,0,0,0,0
2015-12-07,74,6,5,48,4
2015-12-08,71,11,2,27,13
2015-12-09,153,6,3,28,21
2015-12-10,70,11,4,42,15
2015-12-11,26,4,8,71,16
2015-12-12,0,0,0,0,0
2015-12-13,0,0,0,0,0
2015-12-14,78,9,5,60,21
2015-12-15,67,17,5,36,16
2015-12-16,33,7,2,54,8
2015-12-17,46,8,5,41,11
2015-12-18,38,12,6,42,2
2015-12-19,0,0,0,0,0
2015-12-20,0,0,0,0,0
2015-12-21,83,16,10,78,0
2015-12-22,31,7,3,42,1
2015-12-23,37,8,7,42,7
2015-12-24,36,4,6,55,17
2015-12-25,24,10,2,31,4
2015-12-26,0,0,0,0,0
2015-12-27,0,0,0,0,0
2015-12-28,59,15,4,47,4
2015-12-29,31,11,1,42,0
2015-12-30,31,9,7,30,0
2015-12-31,31,12,1,48,3
2016-01-01,0,0,0,0,0
2016-01-02,0,0,0,0,0
2016-01-03,0,0,0,0,0
2016-01-04,68,22,2,63,14
2016-01-05,94,10,3,47,20
2016-01-06,35,5,2,55,8
2016-01-07,23,9,5,42,15
2016-01-08,85,4,2,52,20
2016-01-09,0,0,0,0,0
2016-01-10,0,0,0,0,0
2016-01-11,88,12,6,46,9
2016-01-12,56,11,7,45,13
2016-01-13,37,6,6,29,26
2016-01-14,40,15,8,27,20
2016-01-15,27,4,7,26,14
2016-01-16,0,0,0,0,0
2016-01-17,0,0,0,0,0
2016-01-18,76,14,17,38,45
2016-01-19,27,8,2,20,12
2016-01-20,22,6,5,22,16
2016-01-21,37,16,1,14,17
2016-01-22,67,5,1,30,34
2016-01-23,0,0,0,0,0
2016-01-24,0,0,0,0,0
2016-01-25,48,9,7,28,15
2016-01-26,23,4,2,24,8
2016-01-27,56,9,2,37,24
2016-01-28,21,10,4,22,5
2016-01-29,55,5,5,61,16
2016-01-30,0,0,0,0,0
2016-01-31,0,0,0,0,0
2016-02-01,44,11,2,43,12
2016-02-02,25,4,3,23,13
2016-02-03,15,2,2,13,5
2016-02-04,27,4,3,20,4
2016-02-05,41,3,5,11,2
2016-02-06,0,0,0,0,0
2016-02-07,0,0,0,0,0
2016-02-08,0,0,0,0,0
2016-02-09,0,0,0,0,0
2016-02-10,0,0,0,0,0
2016-02-11,0,0,0,0,0
2016-02-12,0,0,0,0,0
2016-02-13,0,0,0,0,0
2016-02-14,0,0,0,0,0
2016-02-15,196,4,7,63,12
2016-02-16,44,3,6,7,7
2016-02-17,31,4,5,12,7
2016-02-18,23,2,1,20,5
2016-02-19,32,4,4,28,6
2016-02-20,0,0,0,0,0
2016-02-21,0,0,0,0,0
2016-02-22,28,10,3,28,7
2016-02-23,22,2,2,24,9
2016-02-24,17,10,1,12,3
2016-02-25,22,24,5,21,11
2016-02-26,26,17,1,21,11
2016-02-27,0,0,0,0,0
2016-02-28,0,0,0,0,0
2016-02-29,28,62,5,28,15
2016-03-01,24,14,3,14,10
2016-03-02,21,11,4,18,8
2016-03-03,9,8,5,16,13
2016-03-04,9,6,3,12,11
2016-03-05,0,0,0,0,0
2016-03-06,0,0,0,0,0
2016-03-07,38,7,1,38,11
2016-03-08,29,4,5,22,3
2016-03-09,12,4,6,21,8
2016-03-10,9,4,6,12,8
2016-03-11,72,17,4,31,11
2016-03-12,0,0,0,0,0
2016-03-13,0,0,0,0,0
2016-03-14,174,7,25,23,13
2016-03-15,76,14,9,20,2
2016-03-16,33,5,7,19,24
2016-03-17,76,4,8,19,10
2016-03-18,44,6,2,11,8
2016-03-19,0,0,0,0,0
2016-03-20,0,0,0,0,0
2016-03-21,60,10,13,31,11
2016-03-22,61,1,10,13,12
2016-03-23,24,2,4,25,36
2016-03-24,34,8,4,18,15
2016-03-25,35,3,2,28,9
2016-03-26,0,0,0,0,0
2016-03-27,0,0,0,0,0
2016-03-28,47,6,4,37,10
2016-03-29,28,6,2,23,11
2016-03-30,33,11,3,10,12
2016-03-31,27,17,9,19,4
2016-04-01,32,5,4,24,6
2016-04-02,0,0,0,0,0
2016-04-03,0,0,0,0,0
2016-04-04,0,0,0,0,0
2016-04-05,68,5,3,27,21
2016-04-06,20,7,3,23,9
2016-04-07,101,6,2,18,9
2016-04-08,45,4,2,20,4
2016-04-09,0,0,0,0,0
2016-04-10,0,0,0,0,0
2016-04-11,58,3,1,24,6
2016-04-12,30,1,3,21,1
2016-04-13,22,6,5,14,6
2016-04-14,28,5,5,38,8
2016-04-15,37,1,3,29,10
2016-04-16,0,0,0,0,0
2016-04-17,0,0,0,0,0
2016-04-18,42,13,5,35,9
2016-04-19,39,5,6,19,13
2016-04-20,19,4,1,47,7
2016-04-21,37,1,1,33,15
2016-04-22,37,8,2,61,3
2016-04-23,0,0,0,0,0
2016-04-24,0,0,0,0,0
2016-04-25,58,6,3,47,4
2016-04-26,22,9,3,19,6
2016-04-27,23,2,4,29,10
2016-04-28,24,6,8,22,7
2016-04-29,26,38,3,21,10
2016-04-30,0,0,0,0,0
2016-05-01,0,0,0,0,0
2016-05-02,0,0,0,0,0
2016-05-03,58,9,3,89,11
2016-05-04,31,3,2,24,5
2016-05-05,15,5,6,16,1
2016-05-06,25,4,1,19,7
2016-05-07,0,0,0,0,0
2016-05-08,0,0,0,0,0
2016-05-09,32,8,4,18,3
2016-05-10,27,10,3,18,4
2016-05-11,23,3,3,9,4
2016-05-12,25,4,4,15,4
2016-05-13,25,8,1,10,5
2016-05-14,0,0,0,0,0
2016-05-15,0,0,0,0,0
2016-05-16,67,10,3,19,8
2016-05-17,20,3,4,11,1
2016-05-18,23,2,1,17,4
2016-05-19,30,4,4,18,6
2016-05-20,22,5,7,31,8
2016-05-21,0,0,0,0,0
2016-05-22,0,0,0,0,0
2016-05-23,46,10,7,50,12
2016-05-24,18,3,1,21,3
2016-05-25,20,1,2,43,5
2016-05-26,16,2,2,27,4
2016-05-27,24,9,4,24,4
2016-05-28,0,0,0,0,0
2016-05-29,0,0,0,0,0
2016-05-30,48,5,2,48,11
2016-05-31,23,7,3,28,5
2016-06-01,32,3,1,34,4
2016-06-02,23,4,2,38,1
2016-06-03,19,17,5,26,5
2016-06-04,0,0,0,0,0
2016-06-05,0,0,0,0,0
2016-06-06,39,7,3,52,12
2016-06-07,18,7,3,31,5
2016-06-08,30,9,9,19,6
2016-06-09,0,0,0,0,0
2016-06-10,0,0,0,0,0
2016-06-11,0,0,0,0,0
2016-06-12,0,0,0,0,0
2016-06-13,69,18,17,46,19
2016-06-14,36,7,6,0,4
2016-06-15,19,3,8,13,5
2016-06-16,22,2,7,15,3
2016-06-17,22,7,7,20,3
2016-06-18,0,0,0,0,0
2016-06-19,0,0,0,0,0
2016-06-20,50,10,13,27,16
2016-06-21,31,17,12,14,8
2016-06-22,30,19,11,102,9
2016-06-23,40,19,12,67,13
2016-06-24,33,11,9,45,14
2016-06-25,0,0,0,0,0
2016-06-26,0,0,0,0,0
2016-06-27,85,29,22,42,20
2016-06-28,28,13,11,22,12
2016-06-29,30,17,9,40,10
2016-06-30,56,12,12,29,5
2016-07-01,22,16,10,30,8
2016-07-02,0,0,0,0,0
2016-07-03,0,0,0,0,0
2016-07-04,66,17,13,50,13
2016-07-05,26,6,8,23,6
2016-07-06,25,13,12,31,17
2016-07-07,53,7,6,30,8
2016-07-08,21,12,13,39,11
2016-07-09,0,0,0,0,0
2016-07-10,0,0,0,0,0
2016-07-11,36,20,15,45,23
2016-07-12,24,12,5,22,9
2016-07-13,22,12,11,39,12
2016-07-14,20,8,11,16,13
2016-07-15,15,9,11,13,8
2016-07-16,0,0,0,0,0
2016-07-17,0,0,0,0,0
2016-07-18,59,18,17,43,18
2016-07-19,27,7,4,22,3
2016-07-20,19,12,5,35,6
2016-07-21,21,6,5,38,0
2016-07-22,23,6,3,25,5
2016-07-23,0,0,0,0,0
2016-07-24,0,0,0,0,0
2016-07-25,39,15,8,25,4
2016-07-26,11,6,4,14,5
2016-07-27,23,9,5,27,4
2016-07-28,37,9,4,24,8
2016-07-29,83,7,8,18,5
2016-07-30,0,0,0,0,0
2016-07-31,0,0,0,0,0
2016-08-01,42,8,4,43,4
2016-08-02,21,4,3,29,5
2016-08-03,19,5,2,15,5
2016-08-04,20,6,2,22,3
2016-08-05,19,10,2,15,7
2016-08-06,0,0,0,0,0
2016-08-07,0,0,0,0,0
2016-08-08,44,14,4,17,5
2016-08-09,20,7,4,21,4
2016-08-10,24,6,6,14,3
2016-08-11,57,8,3,20,1
2016-08-12,32,6,5,16,4
2016-08-13,0,0,0,0,0
2016-08-14,0,0,0,0,0
2016-08-15,77,15,6,28,9
2016-08-16,27,4,3,10,3
2016-08-17,22,10,4,25,5
2016-08-18,18,1,6,23,2
2016-08-19,12,2,1,13,3
2016-08-20,0,0,0,0,0
2016-08-21,0,0,0,0,0
2016-08-22,33,10,3,15,7
2016-08-23,18,2,3,32,5
2016-08-24,17,1,2,19,0
2016-08-25,24,7,5,18,0
2016-08-26,19,8,1,38,0
2016-08-27,0,0,0,0,0
2016-08-28,0,0,0,0,0
2016-08-29,30,7,6,22,0
2016-08-30,29,11,3,20,0
2016-08-31,17,11,2,16,0
2016-09-01,11,3,4,12,10
2016-09-02,12,4,3,21,2
2016-09-03,0,0,0,0,0
2016-09-04,0,0,0,0,0
2016-09-05,31,5,7,28,9
2016-09-06,16,3,1,15,10
2016-09-07,12,8,2,17,6
2016-09-08,11,4,8,21,8
2016-09-09,22,3,6,28,4
2016-09-10,0,0,0,0,0
2016-09-11,0,0,0,0,0
2016-09-12,41,18,5,34,11
2016-09-13,17,3,1,23,13
2016-09-14,14,0,2,18,16
2016-09-15,0,0,0,0,0
2016-09-16,0,0,0,0,0
2016-09-17,0,0,0,0,0
2016-09-18,0,0,0,0,0
2016-09-19,74,2,4,39,9
2016-09-20,8,2,1,17,2
2016-09-21,14,1,1,17,0
2016-09-22,16,2,1,28,1
2016-09-23,20,0,1,13,3
2016-09-24,0,0,0,0,0
2016-09-25,0,0,0,0,0
2016-09-26,26,2,2,21,6
2016-09-27,17,1,6,25,11
2016-09-28,11,1,2,9,1
2016-09-29,24,3,5,15,0
2016-09-30,15,1,1,11,1
2016-10-01,0,0,0,0,0
2016-10-02,0,0,0,0,0
2016-10-03,0,0,0,0,0
2016-10-04,0,0,0,0,0
2016-10-05,0,0,0,0,0
2016-10-06,0,0,0,0,0
2016-10-07,0,0,0,0,0
2016-10-08,0,0,0,0,0
2016-10-09,0,0,0,0,0
2016-10-10,63,11,7,38,56
2016-10-11,10,162,2,10,4
2016-10-12,11,5,1,14,2
2016-10-13,15,7,1,14,5
2016-10-14,11,84,1,11,3
2016-10-15,0,0,0,0,0
2016-10-16,0,0,0,0,0
2016-10-17,20,3,4,18,22
2016-10-18,8,4,1,6,6
2016-10-19,29,2,2,18,3
2016-10-20,16,3,3,31,5
2016-10-21,18,2,3,19,3
2016-10-22,0,0,0,0,0
2016-10-23,0,0,0,0,0
2016-10-24,35,5,4,20,8
2016-10-25,16,2,2,21,7
2016-10-26,8,0,2,19,6
2016-10-27,8,3,1,16,3
2016-10-28,13,1,2,15,1
2016-10-29,0,0,0,0,0
2016-10-30,0,0,0,0,0
2016-10-31,42,5,9,28,18
2016-11-01,8,0,6,18,4
2016-11-02,10,0,6,13,3
2016-11-03,8,3,4,14,7
2016-11-04,15,25,2,21,2
2016-11-05,0,0,0,0,0
2016-11-06,0,0,0,0,0
2016-11-07,41,4,8,35,3
2016-11-08,13,4,7,29,9
2016-11-09,18,4,1,15,3
2016-11-10,23,12,6,36,7
2016-11-11,15,8,3,12,3
2016-11-12,0,0,0,0,0
2016-11-13,0,0,0,0,0
2016-11-14,31,6,3,74,4
2016-11-15,25,15,2,60,8
2016-11-16,15,5,4,94,7
2016-11-17,20,4,4,85,6
2016-11-18,12,5,1,64,3
2016-11-19,0,0,0,0,0
2016-11-20,0,0,0,0,0
2016-11-21,33,13,12,73,13
2016-11-22,18,13,21,57,7
2016-11-23,15,12,8,47,5
2016-11-24,20,2,3,35,3
2016-11-25,29,1,5,103,2
2016-11-26,0,0,0,0,0
2016-11-27,0,0,0,0,0
2016-11-28,26,4,11,61,6
2016-11-29,12,7,6,27,2
2016-11-30,23,3,3,43,4
2016-12-01,20,9,4,28,5
2016-12-02,14,6,8,61,4
2016-12-03,0,0,0,0,0
2016-12-04,0,0,0,0,0
2016-12-05,22,5,3,46,6
2016-12-06,32,9,6,33,14
2016-12-07,18,7,5,23,7
2016-12-08,27,17,5,43,14
2016-12-09,15,3,6,51,14
2016-12-10,0,0,0,0,0
2016-12-11,0,0,0,0,0
2016-12-12,35,5,6,138,24
2016-12-13,30,6,6,36,7
2016-12-14,19,4,56,41,6
2016-12-15,39,17,3,73,3
2016-12-16,25,7,2,34,11
2016-12-17,0,0,0,0,0
2016-12-18,0,0,0,0,0
2016-12-19,34,10,11,58,21
2016-12-20,30,3,4,31,5
2016-12-21,43,5,3,29,8
2016-12-22,22,9,16,23,6
2016-12-23,23,3,24,41,3
2016-12-24,0,0,0,0,0
2016-12-25,0,0,0,0,0
2016-12-26,55,7,31,52,15
2016-12-27,40,13,16,27,3
2016-12-28,17,24,26,27,7
2016-12-29,18,38,11,62,6
2016-12-30,13,22,12,21,8
2016-12-31,0,0,0,0,0
2017-01-01,0,0,0,0,0
2017-01-02,0,0,0,0,0
2017-01-03,63,19,10,32,11
2017-01-04,33,9,6,50,6
2017-01-05,24,8,6,17,7
2017-01-06,16,11,8,11,14
2017-01-07,0,0,0,0,0
2017-01-08,0,0,0,0,0
2017-01-09,34,13,20,20,18
2017-01-10,12,7,10,9,12
2017-01-11,11,10,7,14,10
2017-01-12,18,6,10,15,12
2017-01-13,15,8,8,11,10
2017-01-14,0,0,0,0,0
2017-01-15,0,0,0,0,0
2017-01-16,47,13,8,14,32
2017-01-17,24,3,6,25,12
2017-01-18,18,8,4,16,6
2017-01-19,20,8,10,9,7
2017-01-20,16,4,11,16,0
2017-01-21,0,0,0,0,0
2017-01-22,0,0,0,0,0
2017-01-23,17,4,7,35,1
2017-01-24,6,1,1,16,0
2017-01-25,12,3,2,26,0
2017-01-26,7,3,1,26,0
2017-01-27,0,0,0,0,0
2017-01-28,0,0,0,0,0
2017-01-29,0,0,0,0,0
2017-01-30,0,0,0,0,0
2017-01-31,0,0,0,0,0
2017-02-01,0,0,0,0,0
2017-02-02,0,0,0,0,0
2017-02-03,42,6,8,77,0
2017-02-04,0,0,0,0,0
2017-02-05,0,0,0,0,0
2017-02-06,28,10,13,32,0
2017-02-07,14,3,2,38,0
2017-02-08,13,4,3,13,0
2017-02-09,10,5,10,12,1
2017-02-10,6,6,8,20,3
2017-02-11,0,0,0,0,0
2017-02-12,0,0,0,0,0
2017-02-13,19,4,7,29,15
2017-02-14,12,3,6,23,7
2017-02-15,15,4,5,6,2
2017-02-16,13,7,3,2,10
2017-02-17,36,8,3,1,9
2017-02-18,0,0,0,0,0
2017-02-19,0,0,0,0,0
2017-02-20,19,5,9,6,3
2017-02-21,17,2,6,0,5
2017-02-22,10,7,1,9,1
2017-02-23,17,8,3,11,0
2017-02-24,16,6,6,8,4
2017-02-25,0,0,0,0,0
2017-02-26,0,0,0,0,0
2017-02-27,20,8,12,25,3
2017-02-28,20,7,4,14,7
2017-03-01,23,3,2,27,4
2017-03-02,26,8,5,24,7
2017-03-03,29,4,8,13,5
2017-03-04,0,0,0,0,0
2017-03-05,0,0,0,0,0
2017-03-06,38,24,25,74,16
2017-03-07,20,7,10,23,13
2017-03-08,16,7,4,26,6
2017-03-09,30,9,5,12,3
2017-03-10,20,15,8,13,9
2017-03-11,0,0,0,0,0
2017-03-12,0,0,0,0,0
2017-03-13,47,26,12,35,17
2017-03-14,32,17,9,29,2
2017-03-15,16,7,7,22,6
2017-03-16,27,5,5,18,7
2017-03-17,18,10,5,8,6
2017-03-18,0,0,0,0,0
2017-03-19,0,0,0,0,0
2017-03-20,51,12,25,20,16
2017-03-21,36,11,33,20,11
2017-03-22,125,14,7,18,19
2017-03-23,89,18,17,10,11
2017-03-24,58,16,11,16,16
2017-03-25,0,0,0,0,0
2017-03-26,0,0,0,0,0
2017-03-27,104,44,12,43,12
2017-03-28,59,21,6,19,12
2017-03-29,53,15,14,8,4
2017-03-30,83,11,17,22,1
2017-03-31,22,18,8,17,2
2017-04-01,0,0,0,0,0
2017-04-02,0,0,0,0,0
2017-04-03,0,0,0,0,0
2017-04-04,0,0,0,0,0
2017-04-05,178,78,42,85,19
2017-04-06,32,14,6,12,2
2017-04-07,41,11,5,13,2
2017-04-08,0,0,0,0,0
2017-04-09,0,0,0,0,0
2017-04-10,61,53,37,52,4
2017-04-11,50,21,11,15,20
2017-04-12,28,24,6,29,11
2017-04-13,33,15,10,13,4
2017-04-14,49,41,24,17,6
2017-04-15,0,0,0,0,0
2017-04-16,0,0,0,0,0
2017-04-17,80,42,29,33,14
2017-04-18,32,25,32,10,6
2017-04-19,41,16,15,9,8
2017-04-20,40,16,15,97,10
2017-04-21,58,24,17,52,10
2017-04-22,0,0,0,0,0
2017-04-23,0,0,0,0,0
2017-04-24,62,29,25,62,21
2017-04-25,35,11,14,18,7
2017-04-26,19,8,5,31,10
2017-04-27,54,14,9,28,12
2017-04-28,40,16,12,20,15
2017-04-29,0,0,0,0,0
2017-04-30,0,0,0,0,0
2017-05-01,0,0,0,0,0
2017-05-02,50,61,18,34,69
2017-05-03,115,13,12,34,1
2017-05-04,35,11,13,18,3
2017-05-05,31,15,6,14,1
2017-05-06,0,0,0,0,0
2017-05-07,0,0,0,0,0
2017-05-08,67,36,26,7,20
2017-05-09,51,9,12,0,15
2017-05-10,37,13,16,0,15
2017-05-11,35,12,10,0,4
2017-05-12,24,6,17,0,7
2017-05-13,0,0,0,0,0
2017-05-14,0,0,0,0,0
2017-05-15,55,18,25,0,18
2017-05-16,11,17,41,0,10
2017-05-17,22,14,13,0,34
2017-05-18,10,17,18,0,8
2017-05-19,22,13,23,0,39
2017-05-20,0,0,0,0,0
2017-05-21,0,0,0,0,0
2017-05-22,72,17,23,0,31
2017-05-23,22,16,16,0,31
2017-05-24,34,16,15,0,19
2017-05-25,47,38,17,0,7
2017-05-26,133,16,18,0,18
2017-05-27,0,0,0,0,0
2017-05-28,0,0,0,0,0
2017-05-29,0,0,0,0,0
2017-05-30,0,0,0,0,0
2017-05-31,110,8,9,0,6
2017-06-01,26,14,10,0,17
2017-06-02,28,10,9,0,3
2017-06-03,0,0,0,0,0
2017-06-04,0,0,0,0,0
2017-06-05,55,14,10,0,1
2017-06-06,24,14,5,0,5
2017-06-07,18,7,9,0,7
2017-06-08,41,13,24,0,16
2017-06-09,15,13,19,0,22
2017-06-10,0,0,0,0,0
2017-06-11,0,0,0,0,0
2017-06-12,54,19,21,0,79
2017-06-13,83,23,12,0,48
2017-06-14,70,17,7,0,26
2017-06-15,26,13,22,0,5
2017-06-16,39,11,35,0,3
2017-06-17,0,0,0,0,0
2017-06-18,0,0,0,0,0
2017-06-19,49,11,22,0,10
2017-06-20,28,12,10,0,3
2017-06-21,26,11,9,0,4
2017-06-22,24,17,15,0,1
2017-06-23,36,15,23,51,4
2017-06-24,0,0,0,0,0
2017-06-25,0,0,0,0,0
2017-06-26,81,49,45,18,9
2017-06-27,30,13,14,5,33
2017-06-28,38,9,11,52,1
2017-06-29,49,23,14,80,4
2017-06-30,38,16,17,33,68
2017-07-01,0,0,0,0,0
2017-07-02,0,0,0,0,0
2017-07-03,98,85,70,84,51
2017-07-04,75,30,32,18,17
2017-07-05,35,15,21,41,11
2017-07-06,45,14,26,41,9
2017-07-07,47,29,23,1,19
2017-07-08,0,0,0,0,0
2017-07-09,0,0,0,0,0
2017-07-10,79,54,100,67,68
2017-07-11,56,21,27,26,10
2017-07-12,85,20,33,46,4
2017-07-13,47,27,25,42,15
2017-07-14,82,24,23,60,16
2017-07-15,0,0,0,0,0
2017-07-16,0,0,0,0,0
2017-07-17,61,16,23,61,21
2017-07-18,52,16,20,17,9
2017-07-19,48,22,12,46,32
2017-07-20,26,5,3,66,9
2017-07-21,18,10,8,88,30
2017-07-22,0,0,0,0,0
2017-07-23,0,0,0,0,0
2017-07-24,96,32,40,124,131
2017-07-25,39,10,13,40,48
2017-07-26,69,22,26,58,26
2017-07-27,39,8,12,110,9
2017-07-28,44,10,21,59,20
2017-07-29,0,0,0,0,0
2017-07-30,0,0,0,0,0
2017-07-31,110,45,61,120,67
2017-08-01,35,17,17,89,13
2017-08-02,51,37,33,93,42
2017-08-03,67,27,34,73,59
2017-08-04,64,26,39,95,40
2017-08-05,0,0,0,0,0
2017-08-06,0,0,0,0,0
2017-08-07,66,48,46,166,52
2017-08-08,28,13,11,110,16
2017-08-09,31,10,8,64,6
2017-08-10,30,2,8,75,5
2017-08-11,31,4,30,40,4
2017-08-12,0,0,0,0,0
2017-08-13,0,0,0,0,0
2017-08-14,42,12,8,132,10
2017-08-15,38,7,18,69,8
2017-08-16,25,7,5,51,2
2017-08-17,21,2,8,37,2
2017-08-18,25,1,4,24,1
2017-08-19,0,0,0,0,0
2017-08-20,0,0,0,0,0
2017-08-21,38,4,6,53,4
2017-08-22,26,6,5,42,4
2017-08-23,39,1,1,33,1
2017-08-24,29,3,3,70,0
2017-08-25,25,2,2,36,0
2017-08-26,0,0,0,0,0
2017-08-27,0,0,0,0,0
2017-08-28,42,2,9,50,0
2017-08-29,23,11,9,44,0
2017-08-30,65,4,5,18,1
2017-08-31,29,19,9,29,2
2017-09-01,25,10,9,17,0
2017-09-02,0,0,0,0,0
2017-09-03,0,0,0,0,0
2017-09-04,78,21,28,36,6
2017-09-05,30,6,5,28,3
2017-09-06,46,5,12,23,7
2017-09-07,29,16,10,14,4
2017-09-08,42,11,17,13,8
2017-09-09,0,0,0,0,0
2017-09-10,0,0,0,0,0
2017-09-11,47,23,18,30,27
2017-09-12,18,4,11,25,20
2017-09-13,31,5,3,16,14
2017-09-14,20,8,9,29,14
2017-09-15,27,20,25,35,37
2017-09-16,0,0,0,0,0
2017-09-17,0,0,0,0,0
2017-09-18,57,34,36,40,66
2017-09-19,22,7,13,38,29
2017-09-20,25,9,15,46,28
2017-09-21,17,8,13,8,48
2017-09-22,12,6,11,21,17
2017-09-23,0,0,0,0,0
2017-09-24,0,0,0,0,0
2017-09-25,45,16,27,56,2
2017-09-26,14,14,15,58,8
2017-09-27,43,29,33,49,22
2017-09-28,31,8,16,63,1
2017-09-29,11,5,6,43,9
2017-09-30,0,0,0,0,0
2017-10-01,0,0,0,0,0
2017-10-02,0,0,0,0,0
2017-10-03,0,0,0,0,0
2017-10-04,0,0,0,0,0
2017-10-05,0,0,0,0,0
2017-10-06,0,0,0,0,0
2017-10-07,0,0,0,0,0
2017-10-08,0,0,0,0,0
2017-10-09,53,15,29,62,10
2017-10-10,16,13,13,15,5
2017-10-11,13,18,7,65,1
2017-10-12,37,10,9,14,1
2017-10-13,43,13,19,53,3
2017-10-14,0,0,0,0,0
2017-10-15,0,0,0,0,0
2017-10-16,55,33,25,85,2
2017-10-17,15,11,17,34,1
2017-10-18,72,33,34,10,10
2017-10-19,34,15,16,5,23
2017-10-20,47,18,24,45,11
2017-10-21,0,0,0,0,0
2017-10-22,0,0,0,0,0
2017-10-23,88,31,33,47,4
2017-10-24,27,24,25,55,16
2017-10-25,64,20,29,22,12
2017-10-26,39,29,27,110,65
2017-10-27,41,21,25,38,27
2017-10-28,0,0,0,0,0
2017-10-29,0,0,0,0,0
2017-10-30,115,20,42,96,34
2017-10-31,37,31,23,21,44
2017-11-01,17,8,14,45,0
2017-11-02,32,9,9,7,8
2017-11-03,19,14,9,40,8
2017-11-04,0,0,0,0,0
2017-11-05,0,0,0,0,0
2017-11-06,42,10,10,48,11
2017-11-07,20,6,5,28,5
2017-11-08,24,13,4,25,0
2017-11-09,28,14,9,22,7
2017-11-10,18,13,19,26,9
2017-11-11,0,0,0,0,0
2017-11-12,0,0,0,0,0
2017-11-13,39,16,14,21,16
2017-11-14,36,14,14,0,15
2017-11-15,21,13,9,1,13
2017-11-16,27,13,10,33,30
2017-11-17,36,2,5,35,5
2017-11-18,0,0,0,0,0
2017-11-19,0,0,0,0,0
2017-11-20,61,6,16,87,39
2017-11-21,19,7,6,31,11
2017-11-22,24,7,9,18,7
2017-11-23,25,5,11,13,2
2017-11-24,17,9,4,16,0
2017-11-25,0,0,0,0,0
2017-11-26,0,0,0,0,0
2017-11-27,32,9,12,41,0
2017-11-28,17,2,3,37,0
2017-11-29,10,8,4,36,3
2017-11-30,12,1,2,23,3
2017-12-01,10,2,1,46,3
2017-12-02,0,0,0,0,0
2017-12-03,0,0,0,0,0
2017-12-04,20,4,4,55,25
2017-12-05,7,1,2,3,7
2017-12-06,15,8,6,75,0
2017-12-07,22,4,6,49,4
2017-12-08,20,8,6,58,4
2017-12-09,0,0,0,0,0
2017-12-10,0,0,0,0,0
2017-12-11,32,23,18,53,4
2017-12-12,14,7,6,27,7
2017-12-13,8,4,6,40,37
2017-12-14,20,10,4,38,62
2017-12-15,20,2,3,10,35
2017-12-16,0,0,0,0,0
2017-12-17,0,0,0,0,0
2017-12-18,27,8,11,15,59
2017-12-19,9,4,9,35,87
2017-12-20,10,5,10,15,41
2017-12-21,10,4,1,16,56
2017-12-22,11,4,2,12,17
2017-12-23,0,0,0,0,0
2017-12-24,0,0,0,0,0
2017-12-25,15,10,8,24,26
2017-12-26,15,5,4,60,1
2017-12-27,10,7,2,36,3
2017-12-28,14,3,1,14,6
2017-12-29,13,7,5,24,9
2017-12-30,0,0,0,0,0
2017-12-31,0,0,0,0,0
2018-01-01,0,0,0,0,0
2018-01-02,37,7,4,43,7
2018-01-03,12,5,3,0,4
2018-01-04,19,7,4,0,51
2018-01-05,18,4,4,0,1
2018-01-06,0,0,0,0,0
2018-01-07,0,0,0,0,0
2018-01-08,34,5,3,0,3
2018-01-09,16,3,2,0,5
2018-01-10,10,5,4,0,6
2018-01-11,23,1,2,0,5
2018-01-12,13,3,2,0,9
2018-01-13,0,0,0,0,0
2018-01-14,0,0,0,0,0
2018-01-15,26,9,5,0,5
2018-01-16,10,2,3,0,3
2018-01-17,30,6,4,1,7
2018-01-18,15,3,2,0,2
2018-01-19,22,5,2,0,7
2018-01-20,0,0,0,0,0
2018-01-21,0,0,0,0,0
2018-01-22,605,3,6,1,9
2018-01-23,183,1,2,0,4
2018-01-24,94,9,5,0,1
2018-01-25,46,5,2,0,3
2018-01-26,33,3,3,0,1
2018-01-27,0,0,0,0,0
2018-01-28,0,0,0,0,0
2018-01-29,94,4,4,1,4
2018-01-30,29,1,1,0,4
2018-01-31,48,4,4,0,11
2018-02-01,17,7,2,0,2
2018-02-02,44,4,6,1,3
2018-02-03,0,0,0,0,0
2018-02-04,0,0,0,0,0
2018-02-05,67,3,7,0,2
2018-02-06,30,12,5,0,3
2018-02-07,26,9,6,0,3
2018-02-08,24,8,6,0,5
2018-02-09,33,4,5,0,3
2018-02-10,0,0,0,0,0
2018-02-11,0,0,0,0,0
2018-02-12,81,7,9,0,2
2018-02-13,26,3,5,0,6
2018-02-14,13,6,4,0,5
2018-02-15,0,0,0,0,0
2018-02-16,0,0,0,0,0
2018-02-17,0,0,0,0,0
2018-02-18,0,0,0,0,0
2018-02-19,0,0,0,0,0
2018-02-20,0,0,0,0,0
2018-02-21,0,0,0,0,0
2018-02-22,54,6,5,1,9
2018-02-23,18,9,7,0,6
2018-02-24,0,0,0,0,0
2018-02-25,0,0,0,0,0
2018-02-26,36,5,17,0,9
2018-02-27,9,11,9,0,10
2018-02-28,19,3,5,1,3
2018-03-01,22,4,4,1,6
2018-03-02,20,8,5,0,5
2018-03-03,0,0,0,0,0
2018-03-04,0,0,0,0,0
2018-03-05,32,8,10,0,11
2018-03-06,14,4,6,0,8
2018-03-07,21,10,12,0,5
2018-03-08,9,5,7,0,2
2018-03-09,21,4,5,0,9
2018-03-10,0,0,0,0,0
2018-03-11,0,0,0,0,0
2018-03-12,36,7,9,0,5
2018-03-13,19,6,5,0,6
2018-03-14,21,8,7,0,29
2018-03-15,20,6,6,0,2
2018-03-16,9,9,6,0,8
2018-03-17,0,0,0,0,0
2018-03-18,0,0,0,0,0
2018-03-19,18,10,5,1,5
2018-03-20,19,5,6,0,6
2018-03-21,12,5,6,0,9
2018-03-22,16,3,7,0,29
2018-03-23,36,6,4,0,26
2018-03-24,0,0,0,0,0
2018-03-25,0,0,0,0,0
2018-03-26,63,7,37,0,15
2018-03-27,27,7,10,0,5
2018-03-28,22,4,5,1,9
2018-03-29,31,6,4,0,7
2018-03-30,35,3,10,0,6
2018-03-31,0,0,0,0,0
2018-04-01,0,0,0,0,0
2018-04-02,33,4,5,0,4
2018-04-03,20,7,6,0,11
2018-04-04,34,9,13,0,16
2018-04-05,0,0,0,0,0
2018-04-06,0,0,0,0,0
2018-04-07,0,0,0,0,0
2018-04-08,0,0,0,0,0
2018-04-09,49,21,12,0,39
2018-04-10,23,8,8,0,10
2018-04-11,27,4,6,0,5
2018-04-12,18,4,6,0,10
2018-04-13,16,6,4,0,3
2018-04-14,0,0,0,0,0
2018-04-15,0,0,0,0,0
2018-04-16,29,5,8,2,23
2018-04-17,25,6,10,0,4
2018-04-18,38,15,6,0,10
2018-04-19,18,4,7,0,5
2018-04-20,18,9,5,0,6
2018-04-21,0,0,0,0,0
2018-04-22,0,0,0,0,0
2018-04-23,35,21,5,2,9
2018-04-24,17,8,5,0,13
2018-04-25,13,6,6,0,6
2018-04-26,23,7,4,0,8
2018-04-27,21,9,8,0,6
2018-04-28,0,0,0,0,0
2018-04-29,0,0,0,0,0
2018-04-30,0,0,0,0,0
2018-05-01,0,0,0,0,0
2018-05-02,170,10,24,4,13
2018-05-03,80,5,6,0,11
2018-05-04,30,7,5,0,8
2018-05-05,0,0,0,0,0
2018-05-06,0,0,0,0,0
2018-05-07,106,9,8,13,16
2018-05-08,31,6,5,25,16
2018-05-09,21,14,7,23,10
2018-05-10,45,11,14,41,19
2018-05-11,21,10,10,34,18
2018-05-12,0,0,0,0,0
2018-05-13,0,0,0,0,0
2018-05-14,43,18,16,52,18
2018-05-15,14,11,6,27,13
2018-05-16,28,11,13,34,17
2018-05-17,19,10,10,20,9
2018-05-18,28,11,14,25,21
2018-05-19,0,0,0,0,0
2018-05-20,0,0,0,0,0
2018-05-21,39,33,35,63,18
2018-05-22,20,13,9,30,17
2018-05-23,27,8,24,29,18
2018-05-24,31,12,8,32,18
2018-05-25,18,10,8,20,12
2018-05-26,0,0,0,0,0
2018-05-27,0,0,0,0,0
2018-05-28,51,27,21,50,29
2018-05-29,24,6,12,174,12
2018-05-30,50,19,11,97,14
2018-05-31,128,21,16,79,17
2018-06-01,78,14,12,57,25
2018-06-02,0,0,0,0,0
2018-06-03,0,0,0,0,0
2018-06-04,45,13,14,90,20
2018-06-05,23,8,8,39,20
2018-06-06,21,14,10,84,18
2018-06-07,32,7,11,46,12
2018-06-08,21,4,13,49,0
2018-06-09,0,0,0,0,0
2018-06-10,0,0,0,0,0
2018-06-11,49,25,18,77,0
2018-06-12,29,25,16,45,0
2018-06-13,33,41,19,43,0
2018-06-14,29,13,18,81,0
2018-06-15,29,12,21,66,21
2018-06-16,0,0,0,0,0
2018-06-17,0,0,0,0,0
2018-06-18,0,0,0,0,0
2018-06-19,56,33,33,71,34
2018-06-20,49,24,15,109,25
2018-06-21,15,34,14,64,11
2018-06-22,51,27,19,31,22
2018-06-23,0,0,0,0,0
2018-06-24,0,0,0,0,0
2018-06-25,80,64,39,26,51
2018-06-26,47,27,30,54,28
2018-06-27,49,13,17,52,17
2018-06-28,54,29,18,59,22
2018-06-29,38,42,27,59,28
2018-06-30,0,0,0,0,0
2018-07-01,0,0,0,0,0
2018-07-02,59,45,48,102,39
2018-07-03,43,21,22,28,19
2018-07-04,29,21,23,37,21
2018-07-05,31,20,11,28,19
2018-07-06,45,28,19,55,19
2018-07-07,0,0,0,0,0
2018-07-08,0,0,0,0,0
2018-07-09,47,25,19,48,22
2018-07-10,24,17,13,30,15
2018-07-11,24,15,18,35,23
2018-07-12,38,16,23,41,23
2018-07-13,47,22,14,45,9
2018-07-14,0,0,0,0,0
2018-07-15,0,0,0,0,0
2018-07-16,58,37,26,47,33
2018-07-17,23,15,17,30,14
2018-07-18,19,12,10,34,10
2018-07-19,16,5,3,19,10
2018-07-20,20,6,10,17,13
2018-07-21,0,0,0,0,0
2018-07-22,0,0,0,0,0
2018-07-23,30,7,19,25,16
2018-07-24,12,6,11,28,5
2018-07-25,20,5,10,22,12
2018-07-26,19,5,6,30,8
2018-07-27,10,5,9,29,10
2018-07-28,0,0,0,0,0
2018-07-29,0,0,0,0,0
2018-07-30,22,7,11,59,10
2018-07-31,20,4,5,30,4
2018-08-01,8,6,4,21,14
2018-08-02,15,4,7,20,9
2018-08-03,13,6,5,18,12
2018-08-04,0,0,0,0,0
2018-08-05,0,0,0,0,0
2018-08-06,31,6,9,36,8
2018-08-07,17,5,28,20,5
2018-08-08,11,5,10,27,12
2018-08-09,18,5,11,27,7
2018-08-10,8,2,3,11,4
2018-08-11,0,0,0,0,0
2018-08-12,0,0,0,0,0
2018-08-13,3,2,16,0,1
2018-08-14,1,1,1,1,2
2018-08-15,9,4,3,7,4
2018-08-16,25,11,13,21,6
2018-08-17,11,5,11,8,4
2018-08-18,0,0,0,0,0
2018-08-19,0,0,0,0,0
2018-08-20,49,19,8,39,12
2018-08-21,14,10,11,14,6
2018-08-22,14,11,14,17,8
2018-08-23,15,8,9,19,8
2018-08-24,21,10,4,14,11
2018-08-25,0,0,0,0,0
2018-08-26,0,0,0,0,0
2018-08-27,27,12,17,41,14
2018-08-28,18,5,13,26,9
2018-08-29,14,8,6,55,10
2018-08-30,50,6,7,25,8
2018-08-31,17,11,6,54,6
2018-09-01,0,0,0,0,0
2018-09-02,0,0,0,0,0
2018-09-03,33,11,12,40,11
2018-09-04,15,12,4,16,10
2018-09-05,11,6,8,22,10
2018-09-06,27,7,5,24,5
2018-09-07,23,8,11,24,8
2018-09-08,0,0,0,0,0
2018-09-09,0,0,0,0,0
2018-09-10,31,9,17,44,15
2018-09-11,33,5,9,19,4
2018-09-12,26,13,6,33,17
2018-09-13,19,8,9,26,5
2018-09-14,24,13,6,32,9
2018-09-15,0,0,0,0,0
2018-09-16,0,0,0,0,0
2018-09-17,25,19,8,42,8
2018-09-18,21,8,4,42,10
2018-09-19,11,5,3,41,4
2018-09-20,22,5,6,23,7
2018-09-21,13,8,5,29,9
2018-09-22,0,0,0,0,0
2018-09-23,0,0,0,0,0
2018-09-24,0,0,0,0,0
2018-09-25,25,6,8,53,9
2018-09-26,9,2,6,33,11
2018-09-27,24,16,10,35,16
2018-09-28,22,21,15,32,17
2018-09-29,0,0,0,0,0
2018-09-30,0,0,0,0,0
2018-10-01,0,0,0,0,0
2018-10-02,0,0,0,0,0
2018-10-03,0,0,0,0,0
2018-10-04,0,0,0,0,0
2018-10-05,0,0,0,0,0
2018-10-06,0,0,0,0,0
2018-10-07,0,0,0,0,0
2018-10-08,59,24,14,238,22
2018-10-09,23,14,5,46,8
2018-10-10,25,11,12,46,19
2018-10-11,15,20,14,52,16
2018-10-12,34,20,12,59,15
2018-10-13,0,0,0,0,0
2018-10-14,0,0,0,0,0
2018-10-15,35,19,19,54,21
2018-10-16,20,13,9,43,13
2018-10-17,29,9,8,33,13
2018-10-18,24,9,13,40,11
2018-10-19,21,8,13,61,14
2018-10-20,0,0,0,0,0
2018-10-21,0,0,0,0,0
2018-10-22,36,10,17,48,15
2018-10-23,23,6,6,42,13
2018-10-24,20,8,7,31,41
2018-10-25,15,5,9,20,20
2018-10-26,22,11,11,47,13
2018-10-27,0,0,0,0,0
2018-10-28,0,0,0,0,0
2018-10-29,37,10,23,30,20
2018-10-30,30,10,32,30,18
2018-10-31,25,21,12,54,13
2018-11-01,33,16,10,44,13
2018-11-02,21,15,7,34,12
2018-11-03,0,0,0,0,0
2018-11-04,0,0,0,0,0
2018-11-05,32,12,22,61,19
2018-11-06,20,11,9,37,6
2018-11-07,13,10,12,34,8
2018-11-08,18,8,12,38,10
2018-11-09,23,7,10,33,9
2018-11-10,0,0,0,0,0
2018-11-11,0,0,0,0,0
2018-11-12,48,27,18,42,15
2018-11-13,24,11,9,44,15
2018-11-14,14,8,7,30,7
2018-11-15,14,11,8,34,7
2018-11-16,12,6,8,43,7
2018-11-17,0,0,0,0,0
2018-11-18,0,0,0,0,0
2018-11-19,38,13,21,47,14
2018-11-20,20,5,12,22,10
2018-11-21,15,9,7,31,6
2018-11-22,13,7,5,40,12
2018-11-23,14,7,5,23,9
2018-11-24,0,0,0,0,0
2018-11-25,0,0,0,0,0
2018-11-26,33,16,10,58,25
2018-11-27,17,8,9,21,13
2018-11-28,13,7,9,31,5
2018-11-29,17,10,6,20,11
2018-11-30,14,8,3,30,7
2018-12-01,0,0,0,0,0
2018-12-02,0,0,0,0,0
2018-12-03,26,15,13,53,16
2018-12-04,18,6,10,36,8
2018-12-05,16,6,6,21,5
2018-12-06,18,14,7,35,12
2018-12-07,20,10,8,27,10
2018-12-08,0,0,0,0,0
2018-12-09,0,0,0,0,0
2018-12-10,35,11,20,39,17
2018-12-11,18,11,8,22,10
2018-12-12,31,13,7,21,29
2018-12-13,9,8,7,33,4
2018-12-14,8,7,4,27,8
2018-12-15,0,0,0,0,0
2018-12-16,0,0,0,0,0
2018-12-17,32,14,9,49,7
2018-12-18,18,5,7,25,8
2018-12-19,18,6,7,17,6
2018-12-20,24,4,6,16,6
2018-12-21,21,7,5,38,4
2018-12-22,0,0,0,0,0
2018-12-23,0,0,0,0,0
2018-12-24,17,4,5,36,5
2018-12-25,14,2,2,21,6
2018-12-26,11,6,2,15,2
2018-12-27,10,6,3,94,5
2018-12-28,17,10,4,57,6
2018-12-29,0,0,0,0,0
2018-12-30,0,0,0,0,0
2018-12-31,0,0,0,0,0
2019-01-01,0,0,0,0,0
2019-01-02,36,5,5,41,3
2019-01-03,14,4,3,20,5
2019-01-04,23,3,3,18,3
2019-01-05,0,0,0,0,0
2019-01-06,0,0,0,0,0
2019-01-07,29,5,5,36,4
2019-01-08,7,6,4,18,6
2019-01-09,13,7,3,12,4
2019-01-10,13,3,3,21,4
2019-01-11,11,5,5,16,7
2019-01-12,0,0,0,0,0
2019-01-13,0,0,0,0,0
2019-01-14,12,6,10,17,4
2019-01-15,8,10,9,16,5
2019-01-16,10,5,5,24,4
2019-01-17,15,8,9,29,3
2019-01-18,6,5,6,13,3
2019-01-19,0,0,0,0,0
2019-01-20,0,0,0,0,0
2019-01-21,13,8,9,28,9
2019-01-22,10,10,4,40,3
2019-01-23,11,8,7,34,4
2019-01-24,13,3,3,21,3
2019-01-25,8,5,3,36,4
2019-01-26,0,0,0,0,0
2019-01-27,0,0,0,0,0
2019-01-28,13,8,7,27,7
2019-01-29,8,5,3,19,4
2019-01-30,8,5,3,19,3
2019-01-31,9,5,4,14,9
2019-02-01,6,6,5,21,5
2019-02-02,0,0,0,0,0
2019-02-03,0,0,0,0,0
2019-02-04,0,0,0,0,0
2019-02-05,0,0,0,0,0
2019-02-06,0,0,0,0,0
2019-02-07,0,0,0,0,0
2019-02-08,0,0,0,0,0
2019-02-09,0,0,0,0,0
2019-02-10,0,0,0,0,0
2019-02-11,32,4,5,27,9
2019-02-12,11,5,3,15,3
2019-02-13,11,3,3,15,3
2019-02-14,13,4,4,12,3
2019-02-15,8,2,5,14,6
2019-02-16,0,0,0,0,0
2019-02-17,0,0,0,0,0
2019-02-18,22,6,6,31,5
2019-02-19,23,5,4,22,5
2019-02-20,10,18,5,26,5
2019-02-21,13,9,14,25,6
2019-02-22,17,13,6,40,4
2019-02-23,0,0,0,0,0
2019-02-24,0,0,0,0,0
2019-02-25,28,7,9,51,8
2019-02-26,25,3,3,45,6
2019-02-27,13,5,8,59,12
2019-02-28,22,3,4,61,6
2019-03-01,16,7,4,50,5
2019-03-02,0,0,0,0,0
2019-03-03,0,0,0,0,0
2019-03-04,33,10,9,70,13
2019-03-05,18,5,6,60,15
2019-03-06,15,7,8,46,10
2019-03-07,22,3,10,100,8
2019-03-08,18,6,7,81,12
2019-03-09,0,0,0,0,0
2019-03-10,0,0,0,0,0
2019-03-11,31,6,13,145,9
2019-03-12,10,7,5,61,9
2019-03-13,16,6,8,83,8
2019-03-14,18,9,7,50,19
2019-03-15,10,4,4,72,12
2019-03-16,0,0,0,0,0
2019-03-17,0,0,0,0,0
2019-03-18,34,10,13,88,17
2019-03-19,24,6,6,55,11
2019-03-20,13,6,4,48,37
2019-03-21,13,5,7,71,44
2019-03-22,16,5,7,60,19
2019-03-23,0,0,0,0,0
2019-03-24,0,0,0,0,0
2019-03-25,41,10,36,65,17
2019-03-26,87,7,12,65,16
2019-03-27,24,4,7,74,8
2019-03-28,22,6,6,67,10
2019-03-29,22,7,6,85,17
2019-03-30,0,0,0,0,0
2019-03-31,0,0,0,0,0
2019-04-01,39,6,4,67,16
2019-04-02,13,6,8,79,19
2019-04-03,22,8,6,50,13
2019-04-04,43,8,7,106,22
2019-04-05,0,0,0,0,0
2019-04-06,0,0,0,0,0
2019-04-07,0,0,0,0,0
2019-04-08,37,33,24,102,23
2019-04-09,15,9,9,61,17
2019-04-10,22,7,9,41,23
2019-04-11,16,10,5,38,37
2019-04-12,13,4,7,34,23
2019-04-13,0,0,0,0,0
2019-04-14,0,0,0,0,0
2019-04-15,20,8,4,56,39
2019-04-16,24,4,5,31,12
2019-04-17,16,5,7,33,21
2019-04-18,14,4,6,52,23
2019-04-19,16,6,4,116,16
2019-04-20,0,0,0,0,0
2019-04-21,0,0,0,0,0
2019-04-22,25,8,9,76,15
2019-04-23,21,4,5,42,13
2019-04-24,18,8,11,50,9
2019-04-25,24,5,6,37,7
2019-04-26,22,7,9,48,33
2019-04-27,0,0,0,0,0
2019-04-28,0,0,0,0,0
2019-04-29,21,6,16,81,39
2019-04-30,40,50,24,76,13
2019-05-01,0,0,0,0,0
2019-05-02,0,0,0,0,0
2019-05-03,0,0,0,0,0
2019-05-04,0,0,0,0,0
2019-05-05,0,0,0,0,0
2019-05-06,68,24,15,50,18
2019-05-07,21,8,10,44,10
2019-05-08,13,7,12,24,10
2019-05-09,19,14,9,17,12
2019-05-10,26,10,12,35,11
2019-05-11,0,0,0,0,0
2019-05-12,0,0,0,0,0
2019-05-13,21,15,18,41,12
2019-05-14,18,9,12,33,16
2019-05-15,16,6,9,27,6
2019-05-16,14,8,10,43,5
2019-05-17,20,10,23,91,18
2019-05-18,0,0,0,0,0
2019-05-19,0,0,0,0,0
2019-05-20,30,6,18,72,31
2019-05-21,20,5,16,46,6
2019-05-22,14,9,13,106,8
2019-05-23,18,8,9,112,6
2019-05-24,21,10,17,72,10
2019-05-25,0,0,0,0,0
2019-05-26,0,0,0,0,0
2019-05-27,28,7,16,76,6
2019-05-28,7,8,12,92,5
2019-05-29,31,9,13,69,6
2019-05-30,16,9,13,99,4
2019-05-31,12,7,11,76,5
2019-06-01,0,0,0,0,0
2019-06-02,0,0,0,0,0
2019-06-03,14,9,9,122,9
2019-06-04,13,9,8,42,3
2019-06-05,23,9,31,69,18
2019-06-06,11,14,24,37,7
2019-06-07,0,0,0,0,0
2019-06-08,0,0,0,0,0
2019-06-09,0,0,0,0,0
2019-06-10,18,7,8,86,8
2019-06-11,23,9,17,43,2
2019-06-12,10,3,14,66,6
2019-06-13,17,6,15,81,9
2019-06-14,14,7,11,60,7
2019-06-15,0,0,0,0,0
2019-06-16,0,0,0,0,0
2019-06-17,14,7,8,77,2
2019-06-18,9,4,8,43,7
2019-06-19,11,8,12,60,7
2019-06-20,14,6,7,46,6
2019-06-21,16,8,14,52,5
2019-06-22,0,0,0,0,0
2019-06-23,0,0,0,0,0
2019-06-24,16,7,24,72,6
2019-06-25,13,6,16,49,6
2019-06-26,22,6,6,36,6
2019-06-27,10,10,17,39,8
2019-06-28,17,6,33,50,15
2019-06-29,0,0,0,0,0
2019-06-30,0,0,0,0,0
2019-07-01,16,16,48,73,12
2019-07-02,16,7,14,51,12
2019-07-03,22,4,20,47,7
2019-07-04,12,23,18,61,19
2019-07-05,13,31,30,38,8
2019-07-06,0,0,0,0,0
2019-07-07,0,0,0,0,0
2019-07-08,25,11,27,70,10
2019-07-09,18,5,19,47,5
2019-07-10,18,10,25,37,6
2019-07-11,15,5,14,22,4
2019-07-12,20,6,15,30,4
2019-07-13,0,0,0,0,0
2019-07-14,0,0,0,0,0
2019-07-15,28,6,21,36,6
2019-07-16,9,4,9,38,1
2019-07-17,6,6,23,39,7
2019-07-18,16,3,7,25,5
2019-07-19,5,5,21,25,4
2019-07-20,0,0,0,0,0
2019-07-21,0,0,0,0,0
2019-07-22,30,5,8,33,3
2019-07-23,26,4,9,56,3
2019-07-24,18,8,6,39,4
2019-07-25,8,6,5,25,3
2019-07-26,16,6,9,36,3
2019-07-27,0,0,0,0,0
2019-07-28,0,0,0,0,0
2019-07-29,13,11,25,46,4
2019-07-30,7,6,8,36,4
2019-07-31,13,4,8,27,14
